Symbol,Company Name,Market Cap,EPS Gr. Next 5Y,Beta (1Y),Shares Out,FCF,Total Debt,Total Cash,Stock Price,Discount Rate,Intrinsic Value,percent_from_instrinsic_value
AAPL,Apple Inc.,3078830000000.0,10.38,1.31,15550000000.0,99580000000.0,111090000000.0,162100000000.0,197.96,8.55,68.66458906117377,-188.3
MSFT,Microsoft Corporation,2782420000000.0,15.41,0.9,7430000000.0,63230000000.0,84990000000.0,143950000000.0,374.37,6.5,128.21302423008447,-191.99
GOOGL,Alphabet Inc.,1669140000000.0,19.29,1.04,12460000000.0,77620000000.0,26330000000.0,119940000000.0,133.97,7.2,107.81901013801232,-24.25
AMZN,"Amazon.com, Inc.",1538110000000.0,26.1,1.17,10330000000.0,21430000000.0,136990000000.00002,64170000000.0,148.84,7.85,36.10092105888936,-312.29
NVDA,NVIDIA Corporation,1187770000000.0,79.09,1.69,2470000000.0,17520000000.0,10800000000.0,18280000000.0,480.88,10.45,1038.1010361876781,53.68
META,"Meta Platforms, Inc.",860240000000.0,22.99,1.2,2570000000.0,37780000000.0,36220000000.0,61120000000.0,334.74,8.0,275.1303940025859,-21.67
BRK.B,Berkshire Hathaway Inc.,789450000000.0,14.823806451612905,0.86,2180000000.0,26740000000.0,124780000000.0,30840000000.0,362.03,6.3,127.72948415502535,-183.43
TSLA,"Tesla, Inc.",760680000000.0,14.33,2.26,3180000000.0,3710000000.0,4390000000.0,26080000000.0,239.29,13.299999999999999,17.99574905142827,-1229.7
LLY,Eli Lilly and Company,567210000000.0,27.97,0.33,949310000.0,3250000000.0,20170000000.0,2490000000.0,597.5,3.6500000000000004,80.94133690738248,-638.19
V,Visa Inc.,526919999999.99994,14.1,0.95,2009999999.9999998,19700000000.0,20460000000.0,21890000000.0,262.38,6.75,129.7601194122731,-102.2
AVGO,Broadcom Inc.,509040000000.0,14.06,1.12,467140000.0,17630000000.0,39230000000.0,14190000000.0,,7.6000000000000005,420.51590066558487,
UNH,UnitedHealth Group Incorporated,507790000000.0,13.55,0.62,924930000.0,26440000000.0,63370000000.0,47710000000.0,549.01,5.1,385.07434034546117,-42.57
TSM,Taiwan Semiconductor Manufacturing Company Limited,474690000000.0,10.94,1.19,4650000000.0,10900000000.0,30950000000.0,50510000000.0,102.12,7.949999999999999,29.475395441262922,-246.46
JPM,JPMorgan Chase & Co.,465630000000.0,3.91,1.11,2890000000.0,53970000000.0,677010000000.0,511370000000.0,161.06,7.550000000000001,94.15247860174446,-71.06
NVO,Novo Nordisk A/S,444830000000.0,19.85,0.19,4500000000.0,13690000000.0,3870000000.0,6950000000.0,98.9,2.95,65.00609470894236,-52.14
WMT,Walmart Inc.,414740000000.0,15.75,0.49,2690000000.0,12890000000.0,69740000000.0,12150000000.0,154.05,4.45,55.702327318007676,-176.56
XOM,Exxon Mobil Corporation,396290000000.0,-10.21,1.0,4010000000.0,37830000000.0,41250000000.0,32970000000.0,98.92,7.0,0.1,-98820.0
MA,Mastercard Incorporated,395140000000.0,16.9,1.08,930440000.0,9790000000.0,15570000000.0,9320000000.0,424.68,7.4,144.374821148452,-194.15
JNJ,Johnson & Johnson,375030000000.0,11.13,0.57,2410000000.0,15740000000.0,29920000000.0,23510000000.0,155.79,4.85,80.9344190201927,-92.49
PG,The Procter & Gamble Company,350190000000.0,8.36,0.45,2360000000.0,14590000000.0,35880000000.0,9730000000.0,148.58,4.25,61.1129616597521,-143.12
HD,"The Home Depot, Inc.",341770000000.0,4.4,0.94,995260000.0,17760000000.0,49260000000.0,2060000000.0,343.4,6.699999999999999,106.6319654341966,-222.04
ASML,ASML Holding N.V.,290140000000.0,21.27,1.14,394590000.0,6080000000.0,4930000000.0,6900000000.0,735.29,7.699999999999999,267.8070081799857,-174.56
COST,Costco Wholesale Corporation,284940000000.0,9.6,0.77,443830000.0,6750000000.0,8880000000.0,15230000000.0,642.0,5.85,186.66753798196328,-243.93
ADBE,Adobe Inc.,284230000000.0,20.16,1.34,455300000.0,7630000000.0,4099999999.9999995,7520000000.0,624.26,8.7,265.50283418659905,-135.12
ORCL,Oracle Corporation,282130000000.0,21.84,1.04,2740000000.0,10100000000.0,88790000000.0,8690000000.0,102.99,7.2,37.03923207868405,-178.06
ABBV,AbbVie Inc.,272420000000.00003,14.9,0.45,1770000000.0,24730000000.0,60750000000.0,13290000000.0,154.3,4.25,192.12114631249477,19.69
CVX,Chevron Corporation,272160000000.00003,-9.57,1.1,1880000000.0,20930000000.0,20560000000.0,5940000000.0,144.61,7.5,0.1,-144510.0
MRK,"Merck & Co., Inc.",271420000000.00003,12.65,0.36,2530000000.0,13170000000.0,34860000000.0,8770000000.0,107.11,3.8,65.31722361364713,-63.98
KO,The Coca-Cola Company,259100000000.00003,9.89,0.58,4320000000.0,10250000000.0,40170000000.0,15440000000.0,59.93,4.9,22.92905632606353,-161.37
BAC,Bank of America Corporation,253560000000.0,2.3,1.41,7910000000.0,43260000000.0,631260000000.0,668970000000.0,32.04,9.05,43.37900337022528,26.14
TM,Toyota Motor Corporation,250660000000.0,14.823806451612905,0.53,1350000000.0,8570000000.0,250590000000.0,150590000000.0,185.48,4.65,22.830193914617535,-712.43
CRM,"Salesforce, Inc.",249090000000.0,130.95,1.24,968000000.0,8810000000.0,12710000000.0,11860000000.0,257.32,8.2,9322.13882579274,97.24
PEP,"PepsiCo, Inc.",236490000000.0,9.5,0.57,1370000000.0,7100000000.0,44770000000.0,10280000000.0,172.01,4.85,36.49470399003589,-371.33
AMD,"Advanced Micro Devices, Inc.",223250000000.0,58.88,1.67,1620000000.0,1320000000.0,2860000000.0,5790000000.0,138.19,10.35,57.37075756095244,-140.87
ACN,Accenture plc,215670000000.0,0.93,1.22,627610000.0,9000000000.0,3150000000.0,9050000000.0,343.64,8.1,109.0920684247238,-215.0
MCD,McDonald's Corporation,214650000000.0,15.88,0.7,725340000.0,7250000000.0,49750000000.0,3500000000.0,295.93,5.5,88.66607355255164,-233.76
NFLX,"Netflix, Inc.",210080000000.0,22.39,1.26,437680000.0,5680000000.0,14300000000.0,7870000000.0,479.98,8.3,209.91243893145455,-128.66
SHEL,Shell plc,209790000000.0,-21.27,0.56,3270000000.0,47250000000.0,83800000000.0,40250000000.0,64.22,4.800000000000001,0.1,-64120.0
NVS,Novartis AG,206180000000.0,16.61,0.49,2069999999.9999998,15150000000.0,25190000000.0,12700000000.0,99.71,4.45,116.35651348829616,14.31
AZN,AstraZeneca PLC,204280000000.0,33.63,0.17,3100000000.0,9560000000.0,28580000000.0,5120000000.0,65.9,2.85,113.62365371284855,42.0
CSCO,"Cisco Systems, Inc.",201910000000.0,8.85,0.89,4059999999.9999995,17490000000.0,7650000000.0,26940000000.0,49.69,6.45,50.53172755234387,1.67
TMO,Thermo Fisher Scientific Inc.,200350000000.0,13.77,0.83,386370000.0,6630000000.0,35280000000.0,6150000000.0,518.54,6.1499999999999995,154.6364332795819,-235.33
LIN,Linde plc,198190000000.0,11.4,0.89,484890000.0,5100000000.0,18000000000.0,3890000000.0,408.74,6.45,95.92274397146048,-326.11
PDD,PDD Holdings Inc.,194520000000.0,14.823806451612905,0.63,1330000000.0,11760000000.0,2790000000.0,36640000000.0,146.41,5.15,156.6768054535812,6.55
INTC,Intel Corporation,187910000000.0,19.99,0.95,4219999999.9999995,-10200000000.0,48880000000.0,25030000000.0,44.57,6.75,22.285,-100.0
SAP,SAP SE,186880000000.0,36.43,0.98,1170000000.0,6200000000.0,11850000000.0,13580000000.0,159.77,6.9,182.43690957658802,12.42
ABT,Abbott Laboratories,186190000000.0,11.18,0.7,1740000000.0,4490000000.0,15530000000.0,7050000000.0,107.25,5.5,27.081602501644372,-296.03
TMUS,"T-Mobile US, Inc.",184520000000.0,43.37,0.53,1160000000.0,6460000000.0,110080000000.0,9500000000.0,159.55,4.65,208.29273985720226,23.4
NKE,"NIKE, Inc.",184420000000.0,14.4,1.08,1520000000.0,4460000000.0,12180000000.0,8790000000.0,121.17,7.4,35.576435772608434,-240.59
BABA,Alibaba Group Holding Limited,179490000000.0,22.92,0.6,2510000000.0,25360000000.0,23540000000.0,81170000000.0,71.46,5.0,239.37147048897037,70.15
CMCSA,Comcast Corporation,175360000000.0,33.9,1.03,4019999999.9999995,12350000000.0,102500000000.0,6440000000.0,43.67,7.15,68.9241143270121,36.64
WFC,Wells Fargo & Company,173450000000.0,10.79,1.18,3630000000.0,29400000000.0,283370000000.0,217900000000.0,47.76,7.8999999999999995,68.92900940279239,30.71
INTU,Intuit Inc.,170820000000.0,27.77,1.21,279940000.0,4350000000.0,6350000000.0,2930000000.0,610.22,8.05,330.82496985676414,-84.45
DIS,The Walt Disney Company,169910000000.0,47.41,1.32,1830000000.0,4900000000.0,46430000000.0,14180000000.0,92.83,8.600000000000001,111.79623411479636,16.97
DHR,Danaher Corporation,167630000000.0,4.23,0.86,738930000.0,6780000000.0,22060000000.0,12280000000.0,226.86,6.3,66.95035915239225,-238.85
BHP,BHP Group Limited,162280000000.0,-16.68,0.79,2530000000.0,12360000000.0,24900000000.0,12900000000.0,64.05,5.95,0.1,-63950.0
TTE,TotalEnergies SE,160670000000.0,6.48,0.81,2400000000.0,14530000000.0,58310000000.0,31620000000.0,67.06,6.050000000000001,48.03934767180636,-39.59
VZ,Verizon Communications Inc.,155510000000.0,0.43,0.4,4200000000.0,16300000000.0,172070000000.0,4210000000.0,36.99,4.0,18.495,-100.0
QCOM,QUALCOMM Incorporated,154480000000.0,16.33,1.26,1110000000.0,9980000000.0,15400000000.0,11320000000.0,138.8,8.3,116.36683905274433,-19.28
HDB,HDFC Bank Limited,153200000000.0,14.823806451612905,0.7,2320000000.0,5210000000.0,37750000000.0,16660000000.0,65.92,5.5,23.593110986824147,-179.4
HSBC,HSBC Holdings plc,152560000000.0,-16.63,0.56,3860000000.0,25150000000.0,205480000000.0,327000000000.0,39.48,4.800000000000001,0.1,-39380.0
BA,The Boeing Company,151790000000.0,14.823806451612905,1.53,604980000.0,4650000000.0,52270000000.0,13370000000.0,250.91,9.65,25.436842638683082,-886.4
AMGN,Amgen Inc.,150720000000.0,10.95,0.58,535179999.99999994,9380000000.0,60470000000.0,34740000000.0,281.62,4.9,173.8514832878414,-61.99
PFE,Pfizer Inc.,150530000000.0,-6.3,0.56,5650000000.0,8180000000.0,63600000000.0,44180000000.0,26.66,4.800000000000001,0.1,-26560.0
IBM,International Business Machines Corporation,149400000000.0,14.823806451612905,0.77,913120000.0,11670000000.0,58530000000.0,16030000000.000002,163.62,5.85,135.89055576733014,-20.41
TXN,Texas Instruments Incorporated,146960000000.0,3.99,0.99,908200000.0,1650000000.0,11220000000.0,8950000000.0,161.81,6.95,12.720221994297157,-1172.07
NOW,"ServiceNow, Inc.",146710000000.0,59.11,1.03,205000000.0,2380000000.0,2260000000.0,4070000000.0000005,715.64,7.15,997.7401674572228,28.27
PM,Philip Morris International Inc.,146550000000.0,7.87,0.79,1550000000.0,7640000000.0,47720000000.0,3020000000.0,94.4,5.95,22.639961892785635,-316.96
BX,Blackstone Inc.,144840000000.0,21.72,1.49,1210000000.0,3630000000.0,13090000000.0,3110000000.0,119.75,9.45,39.13702159295461,-205.98
UNP,Union Pacific Corporation,144290000000.0,8.01,1.1,609600000.0,4760000000.0,34119999999.999996,766000000.0,236.69,7.5,21.129368496991887,-1020.19
MS,Morgan Stanley,140550000000.0,5.05,1.38,1640000000.0,-33030000000.0,256860000000.0,108400000000.0,85.63,8.899999999999999,42.815,-100.0
SPGI,S&P Global Inc.,137890000000.0,14.62,1.17,316800000.0,3370000000.0,12010000000.0,1650000000.0,435.26,7.85,102.4185432508606,-324.98
CAT,Caterpillar Inc.,136419999999.99998,6.52,1.08,509090000.0,9400000000.0,37140000000.0,6550000000.0,267.97,7.4,108.85567975882583,-146.17
UPS,"United Parcel Service, Inc.",133970000000.0,1.17,1.09,851930000.0,5560000000.0,25440000000.0,7280000000.0,157.25,7.45,25.915472810937157,-506.78
HON,Honeywell International Inc.,133880000000.0,14.0,1.04,659250000.0,3870000000.0,20290000000.0,7930000000.0,203.08,7.2,56.38023793276066,-260.2
RY,Royal Bank of Canada,133630000000.0,14.823806451612905,0.82,1400000000.0,17330000000.0,24590000000.0,98760000000.0,95.29,6.1,227.26420494645768,58.07
COP,Conoco Phillips,132810000000.0,-10.83,1.23,1190000000.0,10400000000.0,19060000000.0,9450000000.0,111.85,8.15,0.1,-111750.0
GE,General Electric Company,131889999999.99998,-2.45,1.22,1090000000.0,5150000000.0,20820000000.0,20180000000.0,121.18,8.1,0.1,-121080.0
AMAT,"Applied Materials, Inc.",131330000000.00002,10.67,1.57,836530000.0,6980000000.0,5660000000.0,6540000000.0,156.99,9.850000000000001,81.96065995107459,-91.54
NEE,"NextEra Energy, Inc.",128250000000.0,15.87,0.51,2049999999.9999998,-1200000000.0,73320000000.0,1570000000.0,62.51,4.55,31.255,-100.0
UBER,"Uber Technologies, Inc.",127530000000.0,14.823806451612905,1.32,2060000000.0,2290000000.0,10990000000.0,7590000000.0,61.97,8.600000000000001,12.04634006079981,-414.43
AXP,American Express Company,127210000000.0,8.3,1.23,728750000.0,18570000000.0,48060000000.0,43910000000.0,174.56,8.15,236.9898344097357,26.34
BUD,Anheuser-Busch InBev SA/NV,125270000000.0,8.1,1.07,1980000000.0,7750000000.0,80900000000.0,6930000000.0,63.29,7.3500000000000005,1.0962072190471688,-5673.54
LOW,"Lowe's Companies, Inc.",123910000000.0,12.39,1.04,575110000.0,5440000000.0,40050000000.0,1530000000.0,215.45,7.2,45.88962039600002,-369.5
SNY,Sanofi,121130000000.0,22.3,0.44,2510000000.0,10500000000.0,22930000000.0,8720000000.0,48.3,4.2,85.81397404012996,43.72
UL,Unilever PLC,120230000000.0,1.99,0.16,2500000000.0,9590000000.0,33490000000.000004,6930000000.0,48.11,2.8,25.59484800187245,-87.97
RTX,RTX Corp,119660000000.0,14.823806451612905,0.68,1440000000.0,5340000000.0,36780000000.0,5460000000.0,83.22,5.4,32.52204486413033,-155.89
BKNG,Booking Holdings Inc.,119470000000.0,26.67,1.36,34890000.0,7850000000.0,14320000000.0,13920000000.0,,8.8,4529.703961842723,
PLD,"Prologis, Inc.",119410000000.0,-0.84,1.05,923970000.0,-2330000000.0,27580000000.0,740840000.0,129.24,7.25,0.1,-129140.0
GS,"The Goldman Sachs Group, Inc.",118290000000.0,4.23,1.44,326110000.0,835000000.0,784490000000.0,239880000000.0,362.73,9.2,181.365,-100.0
T,AT&T Inc.,117620000000.0,14.823806451612905,0.72,7150000000.0,19770000000.0,155730000000.0,7540000000.0,16.45,5.6,19.29343650581477,14.74
SCHW,The Charles Schwab Corporation,117510000000.0,10.39,0.99,1770000000.0,-3400000000.0,64150000000.00001,51830000000.0,66.3,6.95,33.15,-100.0
ISRG,"Intuitive Surgical, Inc.",115820000000.0,21.22,1.34,352070000.0,1260000000.0,,6480000000.0,328.96,8.7,0.1,-328860.0
BLK,"BlackRock, Inc.",115060000000.0,14.823806451612905,1.34,148760000.0,3790000000.0,9660000000.0,7320000000.0,773.43,8.7,296.55643425566035,-160.8
ELV,Elevance Health Inc.,114670000000.0,15.55,0.84,234960000.0,8250000000.0,24840000000.0,38900000000.0,488.06,6.2,567.44171449156,13.99
SYK,Stryker Corporation,113420000000.0,19.24,0.95,379940000.0,2570000000.0,12690000000.0,1940000000.0,298.53,6.75,83.14883869966508,-259.03
SONY,Sony Group Corporation,113160000000.0,14.823806451612905,0.87,1230000000.0,954520000.0,35410000000.0,15190000000.0,91.79,6.35,45.895,-100.0
GM,General Motors Company,46550000000.0,14.823806451612905,1.49,1370000000.0,12240000000.0,118870000000.0,71100000000.0,33.99,9.45,70.50510556276203,51.79
KDP,Keurig Dr Pepper Inc.,46480000000.0,16.5,0.66,1400000000.0,1440000000.0,12860000000.0,260000000.0,33.24,5.300000000000001,7.304751687826309,-355.05
ROST,"Ross Stores, Inc.",46380000000.0,14.49,1.03,336670000.0,2009999999.9999998,5780000000.0,4500000000.0,137.77,7.15,74.46006673678696,-85.03
IDXX,"IDEXX Laboratories, Inc.",46310000000.0,13.14,1.23,83050000.0,669780000.0,1120000000.0,331700000.0,557.56,8.15,85.12284982769204,-555.01
PAYX,"Paychex, Inc.",46280000000.0,8.4,0.97,361230000.0,1860000000.0,867100000.0,1740000000.0,128.12,6.85,54.98009626460684,-133.03
KHC,The Kraft Heinz Company,46190000000.0,14.82,0.72,1230000000.0,2510000000.0,19880000000.0,1050000000.0,37.66,5.6,14.221128373486042,-164.82
NEM,Newmont Corporation,46100000000.0,14.823806451612905,0.44,1150000000.0,781000000.0,6090000000.0,3210000000.0,40.0,4.2,8.1315691989247,-391.91
HLT,Hilton Worldwide Holdings Inc.,45670000000.0,21.23,1.2,256440000.0,1750000000.0,9520000000.0,779000000.0,178.09,8.0,80.18950652480875,-122.09
ET,Energy Transfer LP,45500000000.0,10.01,1.62,3360000000.0,6280000000.0,48900000000.0,528000000.0,13.53,10.100000000000001,3.0179395299892424,-348.32
SPG,"Simon Property Group, Inc.",45430000000.0,-0.46,1.61,326240000.0,3030000000.0,25410000000.0,769030000.0,139.26,10.05,0.1,-139160.0
AEP,"American Electric Power Company, Inc.",43950000000.0,8.57,0.5,525880000.0,-3610000000.0,42850000000.0,618100000.0,83.57,4.5,41.785,-100.0
EW,Edwards Lifesciences Corporation,43780000000.0,11.9,1.01,582070000.0,808400000.0,691100000.0,1860000000.0,75.22,7.05,18.358050196835464,-309.74
TEL,TE Connectivity Ltd.,42850000000.0,11.24,1.33,310780000.0,2400000000.0,4210000000.0,1660000000.0,137.89,8.65,73.19557037612883,-88.39
FTNT,"Fortinet, Inc.",42500000000.0,19.59,1.06,767910000.0,2060000000.0,991800000.0,3170000000.0,55.35,7.300000000000001,46.35317030237326,-19.41
VLO,Valero Energy Corporation,42490000000.0,-25.93,1.5,340450000.0,10420000000.0,11440000000.0,5830000000.0,124.8,9.5,0.1,-124700.0
TRV,"The Travelers Companies, Inc.",42300000000.0,12.59,0.6,228400000.0,6950000000.0,8029999999.999999,593000000.0,185.22,5.0,379.7286389905804,51.22
WMB,"The Williams Companies, Inc.",42160000000.0,10.3,1.16,1220000000.0,2670000000.0,25650000000.0,2320000000.0,34.66,7.8,4.000765018855017,-766.33
HES,Hess Corporation,42000000000.0,17.84,1.46,307160000.0,393000000.0,9300000000.0,2020000000.0,136.73,9.3,68.365,-100.0
ODFL,"Old Dominion Freight Line, Inc.",41910000000.0,9.01,1.04,109110000.0,596340000.0,79970000.0,206600000.0,384.06,7.2,57.45025922712101,-568.51
KMB,Kimberly-Clark Corporation,41780000000.0,7.95,0.39,337940000.0,2580000000.0,8090000000.0,814000000.0,123.62,3.95,67.418871947791,-83.36
CM,Canadian Imperial Bank of Commerce,41430000000.0,14.823806451612905,1.08,931190000.0,8270000000.0,556220000000.0,52270000000.0,44.49,7.4,22.245,-100.0
D,"Dominion Energy, Inc.",41400000000.0,29.5,0.57,836800000.0,-3330000000.0,41890000000.0,358000000.0,49.47,4.85,24.735,-100.0
DLR,"Digital Realty Trust, Inc.",41390000000.0,22.03,0.57,302850000.0,743540000.0,18270000000.0,1060000000.0,136.67,4.85,68.335,-100.0
IQV,IQVIA Holdings Inc.,41240000000.0,22.43,1.45,182500000.0,1320000000.0,13850000000.0,1330000000.0,225.95,9.25,50.40478952740819,-348.27
O,Realty Income Corporation,40990000000.0,3.71,0.9,723920000.0,-7740000000.0,20450000000.0,344130000.0,56.62,6.5,28.31,-100.0
NUE,Nucor Corporation,40990000000.0,-18.38,1.65,245840000.0,6120000000.0,6680000000.0,6730000000.0,166.72,10.25,0.1,-166620.0
CNC,Centene Corporation,40960000000.0,31.46,0.5,534200000.00000006,5450000000.0,18000000000.0,20430000000.0,76.67,4.5,332.1055687640947,76.91
LEN,Lennar Corporation,40910000000.0,3.94,1.51,281820000.0,5230000000.0,3320000000.0,3900000000.0,145.16,9.55,139.36050853359177,-4.16
COR,Cencora,40890000000.0,14.823806451612905,0.54,200710000.0,3450000000.0,4790000000.0,2590000000.0,203.72,4.7,250.6863929781942,18.74
EXC,Exelon Corporation,40810000000.0,7.37,0.61,995440000.0,-3490000000.0,43200000000.0,735000000.0,41.0,5.05,20.5,-100.0
GWW,"W.W. Grainger, Inc.",40640000000.0,6.63,1.12,49630000.0,1430000000.0,2730000000.0,601000000.0,818.81,7.6000000000000005,219.40548099640196,-273.19
LNG,"Cheniere Energy, Inc.",40530000000.0,12.84,0.97,238260000.0,7730000000.0,26730000000.0,4380000000.0,170.1,6.85,308.3417675929091,44.83
LEN.B,Lennar Corporation,40500000000.0,3.94,1.51,305620000.0,5230000000.0,3320000000.0,3900000000.0,132.52,9.55,128.50788075039864,-3.12
KVUE,Kenvue Inc.,40290000000.0,14.823806451612905,,1910000000.0,,8199999999.999999,1060000000.0,21.04,,0.1,-20940.0
TRP,TC Energy Corporation,40230000000.0,40.18,0.83,1040000000.0,-534789999.99999994,48710000000.0,1460000000.0,38.79,6.1499999999999995,19.395,-100.0
ADM,Archer-Daniels-Midland Company,40140000000.0,-8.34,0.82,533380000.0,488000000.0,9500000000.0,9240000000.0,75.26,6.1,0.1,-75160.0
DASH,"DoorDash, Inc.",39990000000.0,14.823806451612905,1.72,398210000.0,878000000.0,493000000.0,3820000000.0,100.43,10.6,32.898351826828836,-205.27
SU,Suncor Energy Inc.,39460000000.0,2.36,1.54,1300000000.0,6020000000.0,11460000000.0,1800000000.0,30.47,9.7,24.404017831444378,-24.86
LHX,"L3Harris Technologies, Inc.",39440000000.0,27.77,0.68,189540000.0,1710000000.0,14270000000.0,499000000.0,208.08,5.4,160.57114106558754,-29.59
GIS,"General Mills, Inc.",39430000000.0,5.57,0.23,581280000.0,2029999999.9999998,12280000000.0,490900000.0,67.84,3.1500000000000004,17.849303721966326,-280.07
PTC,PTC Inc.,20250000000.0,30.47,1.11,119250000.0,587050000.0,1890000000.0,288100000.0,169.82,7.550000000000001,112.09095268058837,-51.5
BGNE,"BeiGene, Ltd.",20240000000.0,14.823806451612905,0.59,110380000.0,-1790000000.0,579770000.0,3190000000.0,183.33,4.949999999999999,91.665,-100.0
JBHT,"J.B. Hunt Transport Services, Inc.",20220000000.0,5.59,1.15,103140000.0,217320000.0,1450000000.0,75200000.0,196.01,7.75,4.873915880237128,-3921.61
FTS,Fortis Inc.,20170000000.0,5.72,0.19,488500000.0,-186270000.0,22530000000.0,567710000.0,41.29,2.95,20.645,-100.0
UMC,United Microelectronics Corporation,20150000000.0,-33.26,1.14,2500000000.0,597080000.0,2009999999.9999998,5380000000.0,8.06,7.699999999999999,0.1,-7960.0
EXPE,"Expedia Group, Inc.",20120000000.0,56.19,1.8,138850000.0,1900000000.0,6540000000.0,6490000000.0,144.9,11.0,805.250863053644,82.01
ILMN,"Illumina, Inc.",20120000000.0,14.823806451612905,1.09,158800000.0,169000000.0,2190000000.0,933000000.0,126.67,7.45,6.014087136211125,-2006.22
PPL,PPL Corporation,20100000000.0,15.32,0.84,737120000.0,-489000000.0,14860000000.0,353000000.0,27.27,6.2,13.635,-100.0
IFF,International Flavors & Fragrances Inc.,20100000000.0,14.823806451612905,1.18,255280000.0,482000000.0,10960000000.0,639000000.0,78.73,7.8999999999999995,39.365,-100.0
TECK,Teck Resources Limited,20010000000.0,-15.72,1.27,512000000.0,-831890000.0,5570000000.0,996640000.0,39.08,8.35,0.1,-38980.0
TDY,Teledyne Technologies Incorporated,19910000000.0,8.36,1.01,47180000.0,795400000.0,3240000000.0,508600000.0,421.9,7.05,112.17376342062786,-276.11
YPF,YPF SA,19890000000.0,14.823806451612905,1.84,1130000000.0,1690000000.0,7650000000.0,1090000000.0,17.6,11.200000000000001,10.357161836340355,-69.93
TS,Tenaris S.A.,19820000000.0,-14.77,1.54,590270000.0,3510000000.0,741920000.0,3360000000.0,33.58,9.7,0.1,-33480.0
IRM,Iron Mountain Incorporated,19810000000.0,3.81,0.92,291990000.0,-111420000.0,14140000000.0,170500000.0,67.84,6.6000000000000005,33.92,-100.0
CCJ,Cameco Corporation,19810000000.0,33.83,0.9,433870000.0,120180000.0,739880000.0,1720000000.0,45.65,6.5,10.944370884372825,-317.11
CNP,"CenterPoint Energy, Inc.",19060000000.0,5.11,0.9,631220000.0,-1110000000.0,18900000000.0,686000000.0,30.2,6.5,15.1,-100.0
K,Kellanova Co,18940000000.0,12.0,0.44,342520000.0,1230000000.0,7670000000.0,1100000000.0,55.3,4.2,30.357468636756103,-82.16
TRGP,Targa Resources Corp.,18920000000.0,12.22,2.2,222980000.0,614700000.0,12920000000.0,139500000.0,84.85,13.0,42.425,-100.0
OWL,Blue Owl Capital Inc.,18890000000.0,14.823806451612905,1.2,1410000000.0,858570000.0,2049999999.9999998,76700000.0,13.41,8.0,6.34195165314816,-111.45
LH,Laboratory Corporation of America Holdings,18800000000.0,6.21,1.05,84900000.0,997400000.0,6330000000.0,727900000.0,221.47,7.25,40.852625495463016,-442.12
PBA,Pembina Pipeline Corporation,18780000000.0,-5.5,1.51,549230000.0,1540000000.0,8300000000.000001,63820000.0,34.19,9.55,0.1,-34090.0
WRB,W. R. Berkley Corporation,18770000000.0,4.34,0.59,257870000.0,2950000000.0,2840000000.0,1650000000.0,72.79,4.949999999999999,102.88923450252068,29.25
MKC,"McCormick & Company, Incorporated",18710000000.0,9.11,0.67,268050000.0,779100000.0,4780000000.0,154700000.0,69.79,5.35,15.83932990432836,-340.61
STLD,"Steel Dynamics, Inc.",18670000000.0,-13.58,1.48,161820000.0,2310000000.0,3100000000.0,2270000000.0,115.36,9.4,0.1,-115260.0
PFG,"Principal Financial Group, Inc.",18620000000.0,-17.73,1.26,238410000.0,3910000000.0,3950000000.0,4560000000.0,78.08,8.3,0.1,-77980.0
BALL,Ball Corporation,18590000000.0,13.53,0.88,315300000.0,433000000.0,9590000000.0,1340000000.0,58.95,6.4,29.475,-100.0
BMRN,BioMarin Pharmaceutical Inc.,18560000000.0,45.45,0.4,188370000.0,28430000.0,1090000000.0,1130000000.0,98.51,4.0,9.334653693574957,-955.31
CTRA,Coterra Energy Inc.,18550000000.0,-5.94,0.29,752190000.0,2300000000.0,2170000000.0,893000000.0,24.66,3.45,0.1,-24560.0
DECK,Deckers Outdoor Corporation,18510000000.0,15.25,0.95,25730000.0,781640000.0,251070000.0,823050000.0,719.27,6.75,442.8280360950212,-62.43
WAT,Waters Corporation,18460000000.0,7.46,0.94,59130000.0,390170000.0,2590000000.0,337310000.0,312.13,6.699999999999999,27.04063320551846,-1054.3
EXPD,"Expeditors International of Washington, Inc.",17780000000.0,-5.23,1.0,145390000.0,1330000000.0,519480000.0,1640000000.0,122.29,7.0,0.1,-122190.0
AKAM,"Akamai Technologies, Inc.",17720000000.0,21.26,0.79,150830000.0,593800000.0,4500000000.0,939260000.0,117.5,5.95,50.53215298922384,-132.53
ALGN,"Align Technology, Inc.",17720000000.0,25.87,1.59,76590000.0,686080000.0,98520000.0,1280000000.0,231.36,9.95,179.36223226489167,-28.99
RPRX,Royalty Pharma plc,17580000000.0,91.2,0.41,601470000.0,2770000000.0,6130000000.0,1680000000.0,29.22,4.05,1670.248963370274,98.25
WMG,Warner Music Group Corp.,17570000000.0,23.05,1.51,517070000.00000006,560000000.0,4260000000.0,641000000.0,33.98,9.55,10.997051825695477,-208.99
CMS,CMS Energy Corporation,17480000000.0,8.1,0.4,291760000.0,-1160000000.0,15400000000.0,184000000.0,59.91,4.0,29.955,-100.0
FDS,FactSet Research Systems Inc.,17440000000.0,13.84,0.81,37990000.0,584790000.0,1840000000.0,457650000.0,458.98,6.050000000000001,171.728852203707,-167.27
SWKS,"Skyworks Solutions, Inc.",17430000000.0,16.61,1.34,159960000.0,1650000000.0,1480000000.0,734400000.0,108.97,8.7,131.81037603875555,17.33
CHKP,Check Point Software Technologies Ltd.,17410000000.0,13.89,0.64,116990000.0,1030000000.0,,1460000000.0,148.77,5.2,0.1,-148670.0
LUV,Southwest Airlines Co.,17380000000.0,28.09,1.19,596120000.0,-852000000.0,9270000000.0,11730000000.0,29.15,7.949999999999999,14.575,-100.0
TYL,"Tyler Technologies, Inc.",17370000000.0,26.96,0.79,42120000.0,307770000.0,788800000.0,143110000.0,412.46,5.95,161.05047602549948,-156.11
ATO,Atmos Energy Corporation,17350000000.0,7.2,0.65,148500000.0,653770000.0,6890000000.0,19250000.0,116.85,5.25,0.016167699092736548,-722637.35
NTRS,Northern Trust Corporation,17149999999.999998,8.88,1.15,207040000.0,3280000000.0,19710000000.0,39400000000.0,82.85,7.75,252.9117159958047,67.24
HOLX,"Hologic, Inc.",17050000000.0,27.94,1.02,240000000.0,901000000.0,2840000000.0,2720000000.0,71.03,7.1,87.75882873248852,19.06
IEX,IDEX Corporation,15790000000.0,9.42,0.95,75630000.0,596600000.0,1320000000.0,562700000.0,208.84,6.75,74.62223299781346,-179.86
MGA,Magna International Inc.,15720000000.0,37.88,1.68,286360000.0,479000000.0,7210000000.0,1020000000.0,54.89,10.4,27.44771653603447,-99.98
VRTX,Vertex Pharmaceuticals Incorporated,106830000000.0,10.52,0.35,258310000.0,3340000000.0,724700000.0,11220000000.0,413.59,3.75,211.7249210351386,-95.34
REGN,"Regeneron Pharmaceuticals, Inc.",106340000000.0,11.4,0.11,107940000.0,3880000000.0,2700000000.0,10840000000.0,968.83,2.55,605.3629835670334,-60.04
ABNB,"Airbnb, Inc.",105190000000.0,-0.46,1.25,647290000.0,3880000000.0,2240000000.0,10070000000.0,164.91,8.25,0.1,-164810.0
LMT,Lockheed Martin Corporation,104610000000.0,3.08,0.48,241640000.0,6230000000.0,17460000000.0,1440000000.0,432.9,4.4,169.1848620827035,-155.87
DE,Deere & Company,104130000000.0,-0.82,1.03,278360000.0,6450000000.0,63170000000.0,5140000000.0,374.1,7.15,0.1,-374000.0
SBUX,Starbucks Corporation,103100000000.0,17.57,0.98,1130000000.0,4500000000.0,24460000000.0,3380000000.0,91.06,6.9,41.84993731993711,-117.59
BP,BP p.l.c.,102840000000.0,-24.92,0.54,2800000000.0,17890000000.0,63080000000.0,34110000000.0,36.41,4.7,0.1,-36310.0
MMC,"Marsh & McLennan Companies, Inc.",100860000000.0,9.09,0.89,491660000.0,3840000000.0,15440000000.0,14150000000.0,205.15,6.45,81.25703730076151,-152.47
CI,Cigna Corporation,99920000000.0,19.91,0.56,292360000.0,10240000000.0,30930000000.0,8750000000.0,341.79,4.800000000000001,588.7830588717558,41.95
UBS,UBS Group AG,99600000000.0,13.61,1.02,3230000000.0,15000000000.0,306670000000.0,193040000000.0,30.85,7.1,23.565344544621688,-30.91
ADP,"Automatic Data Processing, Inc.",99580000000.0,9.27,0.79,410790000.0,3420000000.0,3340000000.0,1640000000.0,242.4,5.95,88.36138931589797,-174.33
BSX,Boston Scientific Corporation,99260000000.0,27.0,0.78,1470000000.0,1830000000.0,9100000000.0,865000000.0,67.66,5.9,24.590996306135093,-175.14
SHOP,Shopify Inc.,98030000000.0,87.96,2.22,1290000000.0,905000000.0,1150000000.0,5820000000.0,76.16,13.100000000000001,121.36442450447338,37.25
ADI,"Analog Devices, Inc.",97170000000.0,18.53,1.17,495910000.0,3240000000.0,6990000000.0,1300000000.0,195.94,7.85,86.75500528750487,-125.85
MDLZ,"Mondelez International, Inc.",96740000000.0,6.22,0.58,1350000000.0,3620000000.0,19950000000.0,1810000000.0,71.85,4.9,14.04331774567016,-411.63
AMT,American Tower Corporation,96680000000.0,17.86,0.68,466350000.0,2920000000.0,47150000000.0,2089999999.9999998,207.31,5.4,8.186925551846384,-2432.21
KLAC,KLA Corporation,94560000000.0,11.69,1.34,135230000.0,3170000000.0,5890000000.0,3340000000.0,699.21,8.7,232.41036213195324,-200.85
CVS,CVS Health Corporation,94470000000.0,12.61,0.5,1260000000.0,10400000000.0,79390000000.0,11460000000.0,75.07,4.5,61.1700071435193,-22.72
GILD,"Gilead Sciences, Inc.",93580000000.0,14.73,0.2,1250000000.0,7420000000.0,24990000000.0,7260000000.0,75.12,3.0,85.05491240051487,11.68
PANW,"Palo Alto Networks, Inc.",90530000000.0,58.24,1.21,323100000.0,2920000000.0,2180000000.0,3820000000.0,280.2,8.05,704.6675487120608,60.24
FI,"Fiserv, Inc.",89290000000.0,24.99,0.91,590400000.0,3770000000.0,23120000000.0,1200000000.0,151.24,6.55,99.44657383794129,-52.08
GSK,GSK plc,88430000000.0,-4.75,0.26,2029999999.9999998,7040000000.0,23150000000.0,6660000000.0,43.14,3.3,0.1,-43040.0
KKR,KKR & Co. Inc.,87750000000.0,6.58,1.62,885010000.0,-1600000000.0,47470000000.0,20810000000.0,98.65,10.100000000000001,49.325,-100.0
SNPS,"Synopsys, Inc.",87150000000.0,25.19,1.06,152540000.0,1310000000.0,669960000.0,1270000000.0,571.29,7.300000000000001,181.27942880358685,-215.14
SHW,The Sherwin-Williams Company,86570000000.0,9.06,1.15,254470000.0,2630000000.0,11810000000.0,276800000.0,340.69,7.75,58.43424094075149,-483.03
EQIX,"Equinix, Inc.",86110000000.0,16.93,0.59,94620000.0,51180000.0,17460000000.0,2100000000.0,910.1,4.949999999999999,455.05,-100.0
HCA,"HCA Healthcare, Inc.",86060000000.0,9.64,1.65,264500000.0,4690000000.0,41500000000.0,935000000.0,325.37,10.25,8.129545076729615,-3902.31
ANET,"Arista Networks, Inc.",85380000000.0,10.85,1.1,312630000.0,2000000000.0,,5010000000.0,273.11,7.5,0.1,-273010.0
CDNS,"Cadence Design Systems, Inc.",84010000000.0,26.1,1.04,272240000.0,1250000000.0,649060000.0,1010000000.0,308.6,7.2,100.4965407835167,-207.08
CP,Canadian Pacific Railway Limited,83910000000.0,13.46,0.77,932430000.0,1260000000.0,16680000000.0,344050000.0,89.7,5.85,0.6431724940407534,-13846.49
WM,"Waste Management, Inc.",83430000000.0,14.21,0.72,401600000.0,1820000000.0,16230000000.0,458000000.0,207.75,5.6,24.561947460431625,-745.82
ZTS,Zoetis Inc.,83410000000.0,10.85,0.87,457870000.0,1630000000.0,6760000000.0,2040000000.0,182.16,6.35,31.215589645748842,-483.55
DEO,Diageo plc,83240000000.0,-19.33,0.33,557480000.0,4640000000.0,22630000000.0,2300000000.0,149.16,3.6500000000000004,0.1,-149060.0
CNI,Canadian National Railway Company,82840000000.0,7.25,0.66,640700000.0,2900000000.0,13930000000.0,685490000.0,128.72,5.300000000000001,26.895455797466376,-378.59
STLA,Stellantis N.V.,82430000000.0,-10.64,1.31,3020000000.0,15200000000.0,32270000000.000004,55240000000.0,27.3,8.55,0.1,-27200.0
DELL,Dell Technologies Inc.,82110000000.0,22.72,0.96,706340000.0,7070000000.0,26620000000.0,12840000000.0,116.25,6.8,171.74288894686978,32.31
ICE,"Intercontinental Exchange, Inc.",79400000000.0,18.39,1.03,560300000.0,3050000000.0,22910000000.0,2450000000.0,138.66,7.15,48.01457718040201,-188.79
TGT,Target Corporation,78360000000.0,12.71,1.13,461660000.0,3670000000.0,19030000000.0,1910000000.0,169.72,7.6499999999999995,56.866901699554866,-198.45
CRWD,"CrowdStrike Holdings, Inc.",78090000000.0,100.56,1.06,240160000.0,940220000.0,792870000.0,3470000000.0,322.85,7.300000000000001,1565.5435849513597,79.38
ITW,Illinois Tool Works Inc.,78040000000.0,9.36,1.14,298800000.0,3100000000.0,8160000000.0,1070000000.0000001,261.18,7.699999999999999,82.05330825414853,-218.31
EQNR,Equinor ASA,77020000000.0,-12.51,0.34,2960000000.0,26530000000.0,32170000000.0,45460000000.0,26.25,3.7,0.1,-26150.0
CNQ,Canadian Natural Resources Limited,76980000000.0,11.33,1.98,1070000000.0000001,5520000000.0,8010000000.0,1040000000.0,71.69,11.9,40.12940685720869,-78.65
MELI,"MercadoLibre, Inc.",76680000000.0,43.36,1.45,50700000.0,4630000000.0,5330000000.0,9960000000.0,,9.25,3683.9541049179043,
CME,CME Group Inc.,76670000000.0,4.47,0.5,359990000.0,3380000000.0,93620000000.0,93220000000.0,212.98,4.5,89.71104599910157,-137.41
ENB,Enbridge Inc.,76400000000.0,4.55,0.88,2130000000.0,6910000000.0,60210000000.0,4440000000.0,35.84,6.4,2.4281260886046288,-1376.04
RACE,Ferrari N.V.,75810000000.0,6.24,0.97,180420000.0,1460000000.0,2720000000.0,2880000000.0,420.74,6.85,76.04850435917126,-453.25
SO,The Southern Company,75290000000.0,7.74,0.49,1090000000.0,-1520000000.0,63490000000.0,748000000.0,69.01,4.45,34.505,-100.0
CSX,CSX Corporation,74820000000.0,7.09,1.18,1960000000.0,3320000000.0,18530000000.0,1440000000.0,38.19,7.8999999999999995,6.781362066587032,-463.16
GD,General Dynamics Corporation,74610000000.0,13.89,0.68,273980000.0,3810000000.0,9260000000.0,1910000000.0,272.31,5.4,168.44007571095952,-61.67
MO,"Altria Group, Inc.",73840000000.0,6.87,0.68,1760000000.0,9090000000.0,26230000000.0,3690000000.0,41.87,5.4,40.28349798609813,-3.94
CMG,"Chipotle Mexican Grill, Inc.",73660000000.0,20.73,1.29,27420000.0,1220000000.0,4050000000.0,1320000000.0,,8.45,611.8823725902254,
DUK,Duke Energy Corporation,73180000000.0,16.89,0.46,770810000.0,-2730000000.0,80460000000.0,253000000.0,94.94,4.300000000000001,47.47,-100.0
CL,Colgate-Palmolive Company,72490000000.0,11.93,0.41,823150000.0,3040000000.0,8550000000.000001,966000000.0,88.07,4.05,42.00162439560588,-109.68
MAR,"Marriott International, Inc.",72450000000.0,10.1,1.63,289490000.0,2720000000.0,12760000000.0,338000000.0,250.28,10.149999999999999,44.75547971507039,-459.22
SLB,Schlumberger Limited,72190000000.0,14.78,1.6,1430000000.0,4040000000.0,11970000000.0,3990000000.0,50.4,10.0,26.765664776900753,-88.3
TRI,Thomson Reuters Corporation,70970000000.0,-2.17,0.4,452400000.0,1800000000.0,4019999999.9999995,1360000000.0,156.69,4.0,0.1,-156590.0
MCO,Moody's Corporation,70650000000.0,17.01,1.27,182500000.0,1880000000.0,7420000000.0,2190000000.0,387.01,8.35,112.57704056907946,-243.77
WDAY,"Workday, Inc.",69520000000.0,25.19,1.33,262000000.0,1910000000.0,3300000000.0,7810000000.0,264.32,8.65,156.59355112827276,-68.79
BDX,"Becton, Dickinson and Company",69310000000.0,37.51,0.45,288900000.0,2650000000.0,16110000000.0,1240000000.0,239.9,4.25,337.3467942748113,28.89
MCK,McKesson Corporation,69310000000.0,13.28,0.44,131410000.0,2890000000.0,7610000000.0,1980000000.0,527.41,4.2,278.5142531701453,-89.37
PH,Parker-Hannifin Corporation,69000000000.0,16.7,1.52,128410000.0,2860000000.0,11790000000.0,393870000.0,537.35,9.6,193.50147716400645,-177.7
NOC,Northrop Grumman Corporation,68940000000.0,16.82,0.34,150040000.0,2100000000.0,15680000000.0,3110000000.0,459.5,3.7,163.0393379310735,-181.83
SAN,"Banco Santander, S.A.",68880000000.0,4.75,1.34,15530000000.0,6970000000.0,337660000000.0,444500000000.0,4.31,8.7,10.454061328228143,58.77
EOG,"EOG Resources, Inc.",68860000000.0,-0.43,1.4,580000000.0,5300000000.0,4120000000.0,5280000000.0,118.72,9.0,0.1,-118620.0
USB,U.S. Bancorp,67410000000.0,11.53,1.05,1560000000.0,8449999999.999999,66760000000.00001,61190000000.0,43.26,7.25,58.5261411746638,26.08
ITUB,Itaú Unibanco Holding S.A.,66870000000.00001,12.91,0.54,9100000000.0,25630000000.0,33720000000.0,7100000000.0,6.84,4.7,36.43385085948565,81.23
APH,Amphenol Corporation,66230000000.00001,5.68,1.31,599860000.0,2160000000.0,4340000000.0,1660000000.0,110.41,8.55,25.587065897349987,-331.51
BN,Brookfield Corporation,65260000000.00001,43.94,1.7,1640000000.0,-4510000000.0,230790000000.0,12090000000.0,41.67,10.5,20.835,-100.0
MPC,Marathon Petroleum Corporation,64879999999.99999,-8.51,1.5,361360000.0,12260000000.0,28500000000.0,10220000000.0,179.55,9.5,0.1,-179450.0
TDG,TransDigm Group Incorporated,64780000000.0,9.87,1.42,55610000.0,1490000000.0,21880000000.0,4139999999.9999995,,9.1,,
TT,Trane Technologies plc,64680000000.00001,9.0,1.24,227070000.0,2100000000.0,4780000000.0,1100000000.0,284.85,8.2,74.34378679212722,-283.15
NXPI,NXP Semiconductors N.V.,64640000000.0,18.06,1.6,256459999.99999997,2690000000.0,11180000000.0,4269999999.9999995,252.03,10.0,110.95501568738821,-127.15
ORLY,"O'Reilly Automotive, Inc.",64010000000.00001,11.92,0.86,59040000.0,2049999999.9999998,7840000000.0,279130000.0,,6.3,297.5778336744667,
PSX,Phillips 66,63890000000.0,-2.72,1.36,427820000.0,4610000000.0,19360000000.0,3320000000.0,149.34,8.8,0.1,-149240.0
ECL,Ecolab Inc.,63800000000.0,16.53,1.1,285510000.0,1650000000.0,8610000000.0,919500000.0,223.46,7.5,54.291464121145104,-311.59
SMCI,"Super Micro Computer, Inc.",63760000000.0,14.823806451612905,1.27,55930000.0,-169230000.0,375630000.0,725660000.0,,8.35,,
CTAS,Cintas Corporation,63390000000.0,9.23,1.26,101370000.0,1320000000.0,2870000000.0,85560000.0,625.37,8.3,100.65889901459589,-521.28
PYPL,"PayPal Holdings, Inc.",63240000000.0,22.7,1.44,1070000000.0000001,4269999999.9999995,9680000000.0,20060000000.0,59.01,9.2,76.29765694007777,22.66
BBVA,"Banco Bilbao Vizcaya Argentaria, S.A.",63140000000.0,2.56,1.46,5830000000.0,-20300000000.0,75160000000.0,177480000000.0,10.8,9.3,5.4,-100.0
EMR,Emerson Electric Co.,62970000000.0,-20.22,1.36,571700000.0,253000000.0,10860000000.0,2080000000.0,110.15,8.8,0.1,-110050.0
AON,Aon plc,62810000000.0,14.78,0.85,198300000.0,3180000000.0,11840000000.0,1150000000.0,316.75,6.25,169.5994820709582,-86.76
COIN,"Coinbase Global, Inc.",62170000000.0,41.67,3.37,242040000.0,859750000.0,3060000000.0,5740000000.0,256.62,18.85,87.020816978444,-194.89
MNST,Monster Beverage Corporation,61980000000.0,14.49,0.72,1040000000.0,1490000000.0,91840000.0,3250000000.0,59.18,5.6,23.468724590100614,-152.17
FDX,FedEx Corporation,61890000000.0,15.04,1.21,249890000.0,4099999999.9999995,38180000000.0,6730000000.0,247.68,8.05,84.13717299783869,-194.38
EPD,Enterprise Products Partners L.P.,60710000000.0,-2.88,0.98,2170000000.0,4300000000.0,28750000000.0,667000000.0,28.0,6.9,0.1,-27900.0
PCAR,PACCAR Inc,60060000000.0,-7.79,0.91,523880000.0,2930000000.0,14230000000.0,9000000000.0,114.65,6.55,0.1,-114550.0
PNC,"The PNC Financial Services Group, Inc.",59800000000.0,5.44,1.16,397810000.0,10110000000.0,72740000000.0,50730000000.0,150.33,7.8,162.28718262241617,7.37
NSC,Norfolk Southern Corporation,58630000000.0,17.39,1.3,225880000.0,916000000.0,17180000000.0,1570000000.0,259.54,8.5,129.77,-100.0
ROP,"Roper Technologies, Inc.",58430000000.0,22.92,0.99,107020000.0,1930000000.0,6330000000.0,214300000.0,545.95,6.95,287.45005543240984,-89.93
LULU,Lululemon Athletica Inc.,58100000000.0,25.95,1.33,121080000.0,1310000000.0,1170000000.0,1090000000.0,460.39,8.65,212.9665910664357,-116.18
RSG,"Republic Services, Inc.",57950000000.0,9.38,0.68,314610000.0,2020000000.0,12820000000.0,140000000.0,184.19,5.4,33.49044233337011,-449.98
PLTR,Palantir Technologies Inc.,57620000000.0,55.8,2.81,2109999999.9999998,697070000.0,229390000.0,3670000000.0,26.04,16.05,15.718278210330734,-65.67
VALE,Vale S.A.,57610000000.0,-9.77,0.93,4300000000.0,13320000000.0,17230000000.0,5140000000.0,13.19,6.65,0.1,-13090.0
CRH,CRH plc,57430000000.0,2.11,1.35,707520000.0,3610000000.0,14240000000.0,6940000000.0,81.17,8.75,25.903814845544918,-213.35
FCX,Freeport-McMoRan Inc.,57160000000.0,19.22,2.02,1430000000.0,682000000.0,9420000000.0,5970000000.0,39.85,12.1,3.501272542896731,-1038.16
PXD,Pioneer Natural Resources Company,56890000000.0,0.45,1.33,233620000.0,3700000000.0,5260000000.0,379000000.0,243.52,8.65,84.33097567438489,-188.77
SPG,"Simon Property Group, Inc.",56580000000.0,-1.9,1.68,325890000.0,3140000000.0,26520000000.0,1170000000.0,150.96,10.4,0.1,-150860.0
MSI,"Motorola Solutions, Inc.",55720000000.0,15.96,0.9,166130000.0,1790000000.0,6430000000.0,1710000000.0,335.41,6.5,127.58297473135207,-162.9
EW,Edwards Lifesciences Corporation,55400000000.0,15.8,1.05,601300000.0,642800000.0,694900000.0,1640000000.0,92.14,7.25,16.326733965395576,-464.35
FTNT,"Fortinet, Inc.",54440000000.0,16.26,1.08,763030000.0,1730000000.0,992300000.0,2440000000.0,71.35,7.4,33.56452166690676,-112.58
CEG,Constellation Energy Corporation,54010000000.0,12.28,0.74,317000000.0,-7810000000.0,9260000000.0,1620000000.0,170.57,5.7,85.285,-100.0
ADSK,"Autodesk, Inc.",53880000000.0,28.12,1.43,213920000.0,1250000000.0,2630000000.0,2250000000.0,251.86,9.149999999999999,121.12923154203405,-107.93
APD,"Air Products and Chemicals, Inc.",53710000000.0,14.64,0.82,222300000.0,-2120000000.0,12740000000.0,2230000000.0,241.61,6.1,120.805,-100.0
EL,The Estée Lauder Companies Inc.,53590000000.0,21.85,1.07,358380000.0,806000000.0,10200000000.0,3940000000.0,149.5,7.3500000000000005,22.643194357647154,-560.24
OXY,Occidental Petroleum Corporation,53470000000.0,-2.51,1.65,879500000.0,6060000000.0,20910000000.0,1430000000.0,60.8,10.25,0.1,-60700.0
CTSH,Cognizant Technology Solutions Corporation,38220000000.0,15.4,1.07,497840000.0,2009999999.9999998,1320000000.0,2640000000.0,76.77,7.3500000000000005,57.12493247141418,-34.39
CMI,Cummins Inc.,38100000000.0,40.64,1.04,141860000.0,2750000000.0,6700000000.0,2740000000.0,268.6,7.2,747.2066961892016,64.05
WDS,Woodside Energy Group Ltd,37980000000.0,9.43,0.74,1900000000.0,854000000.0,6610000000.0,1950000000.0,19.72,5.7,2.6432397692725815,-646.05
GIS,"General Mills, Inc.",37060000000.0,5.57,0.13,567890000.0,2320000000.0,12650000000.0,593800000.0,65.26,2.65,24.602097988156995,-165.26
EXC,Exelon Corporation,36940000000.0,7.62,0.61,999540000.0,-2710000000.0,44010000000.0,927000000.0,36.96,5.05,18.48,-100.0
MLM,"Martin Marietta Materials, Inc.",36900000000.0,4.63,0.95,61820000.0,878100000.0,4730000000.0,1280000000.0,596.85,6.75,67.75861715253502,-780.85
VEEV,Veeva Systems Inc.,36680000000.0,20.01,0.74,161020000.0,892880000.0,65110000.0,4030000000.0000005,227.79,5.7,124.92150800803131,-82.35
IR,Ingersoll Rand Inc.,36460000000.0,25.66,1.44,403440000.0,1280000000.0,2720000000.0,1600000000.0,90.37,9.2,57.22192340526572,-57.93
LNG,"Cheniere Energy, Inc.",36370000000.0,-22.15,0.94,234690000.0,6300000000.0,26790000000.0,4670000000.0,154.95,6.699999999999999,0.1,-154850.0
EA,Electronic Arts Inc.,36130000000.0,28.95,0.77,267350000.00000003,2160000000.0,1880000000.0,3100000000.0,135.15,5.85,218.4249826356951,38.13
QSR,Restaurant Brands International Inc.,35720000000.0,10.02,0.92,313350000.0,1200000000.0,14330000000.0,1140000000.0,79.7,6.6000000000000005,0.4174879503637374,-18990.37
MPWR,"Monolithic Power Systems, Inc.",35630000000.0,22.6,1.25,48660000.0,580640000.0,0.0,1110000000.0,732.21,8.25,231.77086867762745,-215.92
PWR,"Quanta Services, Inc.",35280000000.0,21.67,1.11,145750000.0,1140000000.0,4460000000.0,1290000000.0,242.06,7.550000000000001,115.12022960781023,-110.27
VMC,Vulcan Materials Company,35260000000.0,11.35,0.83,132229999.99999999,758800000.0,4390000000.0,949200000.0,266.7,6.1499999999999995,43.13057542165905,-518.35
DG,Dollar General Corporation,34530000000.0,2.92,0.41,219500000.0,463320000.0,18090000000.0,365450000.0,157.31,4.05,78.655,-100.0
NDAQ,"Nasdaq, Inc.",34520000000.0,18.34,0.93,575210000.0,1540000000.0,10870000000.0,661000000.0,60.01,6.65,24.90331315801679,-140.97
ROK,"Rockwell Automation, Inc.",33759999999.999996,9.88,1.43,114590000.0,1140000000.0,3650000000.0,439500000.0,294.59,9.149999999999999,68.50705733809737,-330.01
ON,ON Semiconductor Corporation,33740000000.000004,18.56,1.81,427330000.0,442400000.0,3360000000.0,2480000000.0,78.95,11.05,11.110655786334595,-610.58
EFX,Equifax Inc.,33470000000.0,38.65,1.52,123960000.0,515500000.0,5710000000.0,216800000.0,270.0,9.6,87.71686576894926,-207.81
GPN,Global Payments Inc.,33439999999.999996,48.82,0.97,257990000.0,1590000000.0,17290000000.0,2089999999.9999998,129.63,6.85,294.6505043679495,56.01
BCE,BCE Inc.,33430000000.0,6.16,0.47,912270000.0,2360000000.0,26840000000.0,1310000000.0,36.53,4.35,18.265,-100.0
PPG,"PPG Industries, Inc.",33119999999.999996,15.48,1.28,235260000.0,1860000000.0,6870000000.0,1590000000.0,140.73,8.4,78.79921368614738,-78.59
CVE,Cenovus Energy Inc.,33090000000.000004,22.32,2.79,1870000000.0,2290000000.0,7380000000.0,1810000000.0,17.66,15.95,11.292170356536676,-56.39
NET,"Cloudflare, Inc.",33090000000.000004,14.823806451612905,1.13,337660000.0,119460000.0,1440000000.0,1680000000.0,97.99,7.6499999999999995,5.292557142589486,-1751.47
EXR,Extra Space Storage Inc.,32950000000.000004,7.64,0.75,211580000.0,965590000.0,11250000000.0,99060000.0,150.6,5.75,75.3,-100.0
SE,Sea Limited,32830000000.0,14.823806451612905,1.49,569360000.0,2080000000.0,4450000000.0,9230000000.0,57.72,9.45,51.48254823149192,-12.12
ACGL,Arch Capital Group Ltd.,32780000000.0,14.823806451612905,0.57,374150000.0,5700000000.0,2730000000.0,917000000.0,87.61,4.85,225.09492172788023,61.08
RCL,Royal Caribbean Cruises Ltd.,32720000000.0,21.89,2.52,256649999.99999997,593000000.0,22130000000.0,497000000.0,127.47,14.6,63.735,-100.0
FANG,"Diamondback Energy, Inc.",32710000000.0,2.02,1.91,178450000.0,1210000000.0,6640000000.0,585000000.0,183.29,11.549999999999999,8.476860825489677,-2062.24
WIT,Wipro Limited,32530000000.0,7.87,0.72,5220000000.0,1830000000.0,2220000000.0,4219999999.9999995,6.17,5.6,4.111598344762053,-50.06
BIIB,Biogen Inc.,32450000000.000004,24.08,-0.02,145360000.0,1240000000.0,7340000000.0,1050000000.0,223.24,1.9,189.8923070288779,-17.56
CCEP,Coca-Cola Europacific Partners PLC,32430000000.0,14.823806451612905,0.71,458850000.0,2330000000.0,12470000000.0,2350000000.0,70.59,5.55,51.64346702404593,-36.69
FICO,Fair Isaac Corporation,32320000000.0,22.75,1.22,24850000.0,493850000.0,1970000000.0,160420000.0,,8.1,280.37634434340134,
HAL,Halliburton Company,32229999999.999996,9.06,2.0,890100000.0,2270000000.0,8810000000.0,2260000000.0,36.21,12.0,13.541586164802,-167.4
DLTR,"Dollar Tree, Inc.",32229999999.999996,9.46,0.92,217870000.0,660100000.0,10690000000.0,515600000.0,147.91,6.6000000000000005,73.955,-100.0
LYB,LyondellBasell Industries N.V.,32110000000.0,13.6,1.2,324520000.0,3410000000.0,12640000000.0,3410000000.0,98.94,8.0,98.28366695338217,-0.67
PEG,Public Service Enterprise Group Incorporated,32040000000.0,-3.07,0.59,498590000.0,518000000.0,20550000000.0,54000000.0,64.26,4.949999999999999,0.1,-64160.0
ED,"Consolidated Edison, Inc.",31140000000.0,-2.91,0.35,345510000.0,-2340000000.0,25010000000.0,1190000000.0,90.12,3.75,0.1,-90020.0
ORAN,Orange S.A.,30940000000.0,10.27,0.1,2660000000.0,-5830000000.0,58110000000.0,14540000000.0,11.64,2.5,5.82,-100.0
BKR,Baker Hughes Company,30840000000.0,17.54,1.4,1000000000.0,2049999999.9999998,6020000000.0,2650000000.0,30.6,9.0,24.407634174045043,-25.37
XYL,Xylem Inc.,30720000000.0,20.43,1.11,241770000.0,567000000.0,2280000000.0,1020000000.0,127.08,7.550000000000001,33.692552196407725,-277.18
DFS,Discover Financial Services,30380000000.0,4.96,1.45,250560000.0,8260000000.0,21330000000.0,11730000000.0,121.26,9.25,219.89573218096095,44.86
HPQ,HP Inc.,30080000000.0,2.99,1.06,978480000.0,3150000000.0,9660000000.0,2420000000.0,30.74,7.300000000000001,17.99054035885275,-70.87
FTV,Fortive Corporation,29880000000.0,21.37,1.18,351380000.0,1250000000.0,3650000000.0,1890000000.0,85.05,7.8999999999999995,55.25442035267331,-53.92
DD,"DuPont de Nemours, Inc.",29820000000.0,52.45,1.22,417580000.0,1300000000.0,7800000000.0,2800000000.0,71.4,8.1,178.60784689111864,60.02
BBD,Banco Bradesco S.A.,29690000000.0,10.14,0.64,9930000000.0,8010000000.0,30010000000.0,24590000000.0,2.79,5.2,9.14707482765386,69.5
DVN,Devon Energy Corporation,29310000000.0,2.84,2.2,635000000.0,2620000000.0,6450000000.0,875000000.0,46.16,13.0,16.330887374789548,-182.65
ADM,Archer-Daniels-Midland Company,29230000000.0,-8.34,0.75,533380000.0,488000000.0,9500000000.0,9240000000.0,54.81,5.75,0.1,-54710.0
XEL,Xcel Energy Inc.,28320000000.0,8.37,0.37,555160000.0,-527000000.0,27510000000.0,129000000.0,51.02,3.85,25.51,-100.0
MTD,Mettler-Toledo International Inc.,28220000000.0,13.4,1.15,21480000.0,861390000.0,2080000000.0,69810000.0,,7.75,392.17988777471044,
DB,Deutsche Bank Aktiengesellschaft,28070000000.0,2.24,1.19,2009999999.9999998,-2660000000.0,150650000000.0,216110000000.0,13.97,7.949999999999999,22.76667859459297,38.64
WTW,Willis Towers Watson PLC,28050000000.0,19.6,0.74,102480000.0,1100000000.0,5930000000.0,1420000000.0,273.71,5.7,146.6735604712209,-86.61
CAH,"Cardinal Health, Inc.",28010000000.0,54.71,0.69,243230000.0,3430000000.0,4720000000.0,4590000000.0,115.17,5.449999999999999,1130.9577238153788,89.82
PUK,Prudential plc,27920000000.0,13.12,1.29,1370000000.0,759470000.0,6110000000.0,7610000000.0,20.31,8.45,7.493396030299838,-171.04
GLW,Corning Incorporated,27920000000.0,51.11,1.07,853470000.0,682000000.0,7530000000.0,1780000000.0,32.71,7.3500000000000005,41.95419883362285,22.03
BBDO,Banco Bradesco S.A.,27900000000.0,12.29,0.64,11090000000.0,8010000000.0,30010000000.0,24580000000.0,2.49,5.2,9.061164434132273,72.52
MDB,"MongoDB, Inc.",27890000000.0,14.823806451612905,1.24,72180000.0,115400000.0,1180000000.0,2020000000.0,383.42,8.2,31.751492758243412,-1107.57
HWM,Howmet Aerospace Inc.,27790000000.0,15.73,1.27,410300000.0,682000000.0,3710000000.0,610000000.0,67.74,8.35,14.016036850284527,-383.3
GOLD,Barrick Gold Corporation,27780000000.0,16.65,0.41,1760000000.0,646000000.0,4730000000.0,4150000000.0000005,15.76,4.05,5.963692144489363,-164.27
RMD,ResMed Inc.,27720000000.0,13.0,0.66,147090000.0,962460000.0,1390000000.0,210250000.0,188.44,5.300000000000001,80.78951391997259,-133.25
ICLR,ICON PLC,27610000000.0,21.3,1.15,82500000.0,1020000000.0,3900000000.0,380060000.0,334.64,7.75,167.8994869339697,-99.31
GRMN,Garmin Ltd.,27220000000.0,6.27,0.98,191780000.0,1180000000.0,113040000.0,1970000000.0,141.94,6.9,66.7644764229975,-112.6
AEM,Agnico Eagle Mines Limited,27190000000.0,-32.33,1.03,494380000.0,936480000.0,2000000000.0,338650000.0,54.51,7.15,0.1,-54410.0
TSCO,Tractor Supply Company,27030000000.0,9.96,0.84,107920000.0,666650000.0,5040000000.0,397070000.0,250.49,6.2,26.811545407105093,-834.26
KEYS,"Keysight Technologies, Inc.",26940000000.0,14.59,1.05,174560000.0,1190000000.0,2060000000.0,1750000000.0,154.33,7.25,87.49924310767591,-76.38
EIX,Edison International,26640000000.0,17.17,0.97,384520000.0,-2049999999.9999998,35310000000.0,345000000.0,69.27,6.85,34.635,-100.0
AVB,"AvalonBay Communities, Inc.",26550000000.0,3.89,0.93,142030000.0,245020000.0,8140000000.000001,530960000.00000006,186.95,6.65,93.475,-100.0
TROW,"T. Rowe Price Group, Inc.",26380000000.0,0.91,1.4,223660000.0,911200000.0,308500000.0,2069999999.9999998,117.95,9.0,35.05084965110119,-236.51
SPLK,Splunk Inc.,26370000000.0,48.56,1.0,168500000.0,985650000.0,3260000000.0,2000000000.0,156.45,7.0,321.2734264159243,51.3
ULTA,"Ulta Beauty, Inc.",26230000000.0,10.34,1.31,48560000.0,847310000.0,2100000000.0,121810000.0,540.22,8.55,137.11124243307947,-294.0
NTR,Nutrien Ltd.,26230000000.0,11.98,0.97,494560000.0,2400000000.0,12570000000.0,941000000.0,52.9,6.85,34.41965798496225,-53.69
EBAY,eBay Inc.,26090000000.0,2.52,1.31,518000000.0,1970000000.0,8109999999.999999,9020000000.0,50.37,8.55,29.483646833061673,-70.84
ZBH,"Zimmer Biomet Holdings, Inc.",25990000000.0,16.73,1.01,208790000.0,892400000.0,5770000000.0,415800000.0,126.74,7.05,36.45217059588116,-247.69
WEC,"WEC Energy Group, Inc.",25780000000.0,9.41,0.4,315560000.0,505700000.0,18800000000.0,42900000.0,81.68,4.0,40.84,-100.0
TU,TELUS Corporation,25630000000.0,32.47,0.7,1470000000.0,955530000.0,20370000000.0,667680000.0,17.31,5.5,7.064070534322051,-145.04
WY,Weyerhaeuser Company,25420000000.0,2.77,1.45,729520000.0,919000000.0,5070000000.0,1160000000.0,34.84,9.25,3.6316179158281594,-859.35
CHD,"Church & Dwight Co., Inc.",25380000000.0,8.35,0.53,243780000.0,807100000.0,2410000000.0,344500000.0,104.12,4.65,29.349950562306656,-254.75
RCI,Rogers Communications Inc.,23550000000.0,32.04,0.55,532929999.99999994,952810000.0,33509999999.999996,593190000.0,44.19,4.75,22.095,-100.0
ALGN,"Align Technology, Inc.",23470000000.0,25.83,1.65,75100000.0,608060000.0,96970000.0,972740000.0,312.49,10.25,157.1735373128102,-98.82
DECK,Deckers Outdoor Corporation,23410000000.0,15.25,1.01,25670000.0,1020000000.0,273990000.0,1650000000.0,912.2,7.05,594.8905148764863,-53.34
HPE,Hewlett Packard Enterprise Company,23380000000.0,14.65,1.2,1300000000.0,3170000000.0,12800000000.0,7390000000.0,17.99,8.0,26.60852790086643,32.39
DTE,DTE Energy Company,23350000000.0,5.75,0.64,206260000.0,-711000000.0,20970000000.0,348000000.0,112.82,5.2,56.41,-100.0
TRGP,Targa Resources Corp.,23170000000.0,17.2,2.19,223160000.0,830900000.0,12950000000.0,141700000.0,103.83,12.95,51.915,-100.0
AWK,"American Water Works Company, Inc.",23070000000.0,7.36,0.63,194760000.0,-860000000.0,12450000000.0,364000000.0,118.44,5.15,59.22,-100.0
LYV,"Live Nation Entertainment, Inc.",23020000000.0,45.09,1.3,230800000.0,932190000.0,8439999999.999999,6240000000.0,99.74,8.5,169.20220098605844,41.05
HEI,HEICO Corporation,22770000000.0,15.0,1.17,122360000.0,431740000.0,2500000000.0,196320000.0,186.45,7.85,26.73295342120062,-597.45
HEI.A,HEICO Corporation,22770000000.0,15.0,1.17,151360000.0,431740000.0,2500000000.0,196320000.0,150.18,7.85,21.611021277868048,-594.92
TW,Tradeweb Markets Inc.,22400000000.0,20.93,0.92,235750000.0,684330000.0,49080000.0,1710000000.0,102.88,6.6000000000000005,58.955408584624564,-74.5
FCNCA,"First Citizens BancShares, Inc.",22390000000.0,14.823806451612905,0.89,14420000.0,1480000000.0,38740000000.0,34520000000.0,,6.45,1125.0419012669931,
BAX,Baxter International Inc.,22230000000.0,-5.59,0.62,507830000.0,1030000000.0,14240000000.0,3190000000.0,43.77,5.1,0.1,-43670.0
PTC,PTC Inc.,22170000000.0,30.47,1.17,119550000.0,598080000.0,2450000000.0,265000000.0,185.43,7.85,107.0310183212667,-73.25
ETR,Entergy Corporation,22000000000.0,-5.24,0.7,213240000.0,-452390000.0,26250000000.0,132550000.00000001,103.35,5.5,0.1,-103250.0
ROL,"Rollins, Inc.",21990000000.0,11.96,0.63,483890000.0,495900000.0,816350000.0,140850000.0,45.45,5.15,11.99448394946093,-278.92
FE,FirstEnergy Corp.,21880000000.0,14.45,0.47,574440000.0,-1970000000.0,24910000000.0,179000000.0,38.09,4.35,19.045,-100.0
BNTX,BioNTech SE,21700000000.0,-30.79,0.23,237720000.0,5130000000.0,614960000.0,17550000000.0,91.27,3.1500000000000004,0.1,-91170.0
WRB,W. R. Berkley Corporation,21650000000.0,4.88,0.57,256550000.0,2880000000.0,2850000000.0,1360000000.0,84.4,4.85,102.82030564363221,17.92
WSO.B,"Watsco, Inc.",15200000000.0,6.45,0.88,40690000.0,527780000.0,404790000.0,210110000.0,390.85,6.4,119.57409723107743,-226.87
NWS,News Corporation,15180000000.0,40.39,1.35,552480000.0,776000000.0,4130000000.0,1720000000.0,27.35,8.75,46.08738234600385,40.66
NWSA,News Corporation,15170000000.0,40.39,1.35,575100000.0,776000000.0,4130000000.0,1720000000.0,26.34,8.75,44.27466005654705,40.51
CVNA,Carvana Co.,15150000000.0,23.24,3.32,201900000.0,788000000.0,6710000000.0,1770000000.0,85.3,18.599999999999998,17.242201504445507,-394.72
NDSN,Nordson Corporation,15140000000.0,11.61,1.01,57190000.0,657600000.0,1760000000.0,136200000.0,264.76,7.05,105.27038828961048,-151.5
WSM,"Williams-Sonoma, Inc.",15070000000.0,3.25,1.65,64140000.0,1220000000.0,1390000000.0,698810000.0,234.9,10.25,121.68886197503394,-93.03
HST,"Host Hotels & Resorts, Inc.",14900000000.0,13.19,1.33,703620000.0,990000000.0,4770000000.0,1140000000.0,20.88,8.65,10.963871547878954,-90.44
CNHI,CNH Industrial N.V.,14890000000.0,4.85,1.69,1260000000.0,-272000000.0,27470000000.0,5050000000.0,11.85,10.45,5.925,-100.0
DKS,"DICK'S Sporting Goods, Inc.",14800000000.0,6.62,1.57,81740000.0,1150000000.0,4230000000.0000005,1410000000.0,181.11,9.850000000000001,80.47085506034195,-125.06
BEN,"Franklin Resources, Inc.",14770000000.0,15.59,1.42,526559999.99999994,1000000000.0,11750000000.0,3880000000.0,28.05,9.1,8.613471494612627,-225.65
BSY,"Bentley Systems, Incorporated",14690000000.0,17.07,1.11,297330000.0,391690000.0,1570000000.0,68410000.0,49.4,7.550000000000001,13.852103175470114,-256.62
LW,"Lamb Weston Holdings, Inc.",14610000000.0,3.9,0.72,144370000.0,200000.0,3600000000.0,78300000.0,101.19,5.6,50.595,-100.0
VTRS,Viatris Inc.,14560000000.0,185.13,1.14,1190000000.0,2440000000.0,18130000000.0,991900000.0,12.26,7.699999999999999,10862.710261951579,99.89
ZBRA,Zebra Technologies Corporation,14520000000.0,39.03,1.78,51380000.0,-91000000.0,2370000000.0,137000000.0,282.59,10.9,141.295,-100.0
LECO,"Lincoln Electric Holdings, Inc.",14460000000.0,7.38,1.21,56820000.0,626050000.0,1110000000.0,393790000.0,254.43,8.05,88.74568404666508,-186.7
XPO,"XPO Logistics, Inc.",14220000000.0,39.88,2.05,116110000.0,-822000000.0,4110000000.0000005,412000000.0,122.43,12.25,61.215,-100.0
RYAN,"Ryan Specialty Holdings, Inc.",14140000000.0,43.94,0.51,118630000.0,447430000.0,2160000000.0,838790000.0,54.32,4.55,194.90147455461613,72.13
DGX,Quest Diagnostics Incorporated,14090000000.0,11.32,0.9,110710000.0,864000000.0,5370000000.0,686000000.0,127.24,6.5,49.88814549672047,-155.05
GEN,Gen Digital Inc.,14060000000.0,8.86,1.09,636910000.0,997000000.0,9300000000.0,490000000.0,22.07,7.45,1.9834974146063782,-1012.68
BAP,Credicorp Ltd.,13980000000.0,9.95,1.09,79530000.0,-380090000.0,10700000000.0,9220000000.0,175.83,7.45,87.915,-100.0
MRO,Marathon Oil Corporation,13960000000.0,2.01,2.22,577200000.0,2029999999.9999998,5430000000.0,155000000.0,24.74,13.100000000000001,11.473765499410252,-115.62
BURL,"Burlington Stores, Inc.",13950000000.0,29.46,1.47,64530000.0,462370000.0,4810000000.0,615860000.0,216.25,9.35,92.62472921625152,-133.47
KEY,KeyCorp,13930000000.0,19.69,1.27,933840000.0,2770000000.0,22650000000.0,941000000.0,14.92,8.35,22.36879139473138,33.3
ALB,Albemarle Corporation,13900000000.0,40.39,1.63,117400000.0,-823960000.0,4170000000.0,889900000.0,118.33,10.149999999999999,59.165,-100.0
AGR,"Avangrid, Inc.",13860000000.0,7.56,0.54,386780000.0,-1880000000.0,12170000000.0,163000000.0,35.83,4.7,17.915,-100.0
NBIX,"Neurocrine Biosciences, Inc.",13850000000.0,42.06,0.24,99510000.0,361600000.0,428400000.0,1030000000.0,139.22,3.2,206.98038480800395,32.74
DT,"Dynatrace, Inc.",13850000000.0,40.56,1.08,296000000.0,339630000.0,74290000.0,782650000.0,46.8,7.4,47.54367116974652,1.56
TAP,Molson Coors Beverage Company,13720000000.0,9.27,0.85,212560000.0,1420000000.0,6220000000.0,868900000.0,64.56,6.25,47.8961696615618,-34.79
TAP.A,Molson Coors Beverage Company,13720000000.0,9.27,0.85,212710000.0,1420000000.0,6220000000.0,868900000.0,62.74,6.25,47.86239397894587,-31.08
CRL,"Charles River Laboratories International, Inc.",13710000000.0,17.98,1.39,51350000.0,365370000.0,3070000000.0,276770000.0,266.97,8.95,44.09988163752297,-505.38
GFI,Gold Fields Limited,13690000000.0,13.76,0.72,895020000.0,1380000000.0,1470000000.0,966400000.0,15.27,5.6,20.72754752277407,26.33
INCY,Incyte Corporation,13480000000.0,25.6,0.66,224530000.0,464000000.0,32600000.0,3660000000.0,60.02,5.300000000000001,65.05166060465358,7.73
CAG,"Conagra Brands, Inc.",13450000000.0,17.12,0.41,478010000.0,1170000000.0,9070000000.0,61500000.0,28.13,4.05,24.01418172723997,-17.14
PNR,Pentair plc,13430000000.0,9.66,1.19,165340000.0,548800000.0,1990000000.0,170300000.0,81.22,7.949999999999999,22.850781267523637,-255.44
Z,"Zillow Group, Inc.",13410000000.0,14.823806451612905,1.84,231020000.0,219000000.0,1830000000.0,2910000000.0,57.88,11.200000000000001,14.919497324802299,-287.95
BG,Bunge Limited,13400000000.0,-6.62,0.64,143420000.0,2190000000.0,5760000000.0,2600000000.0,92.2,5.2,0.1,-92100.0
PATH,UiPath Inc.,13390000000.0,14.823806451612905,0.97,566080000.0,241680000.0,57690000.0,1820000000.0,23.66,6.85,8.88395581092395,-166.32
SQM,Sociedad Química y Minera de Chile S.A.,13150000000.0,-10.76,1.09,274640000.0,4770000000.0,2980000000.0,3810000000.0,46.03,7.45,0.1,-45930.0
KIM,Kimco Realty Corporation,13110000000.0,-3.33,1.44,672910000.0,689970000.0,7730000000.0,783760000.0,19.49,9.2,0.1,-19390.0
FOXA,Fox Corporation,13110000000.0,9.89,0.79,453510000.0,1170000000.0,8449999999.999999,4120000000.0,28.86,5.95,19.912025168895124,-44.94
FOX,Fox Corporation,13100000000.0,9.89,0.79,497680000.0,1170000000.0,8449999999.999999,4120000000.0,26.32,5.95,18.144796926429887,-45.06
KMX,"CarMax, Inc.",12910000000.0,31.88,1.61,157920000.0,-685750000.0,19490000000.0,1090000000.0,81.77,10.05,40.885,-100.0
USFD,US Foods Holding Corp.,12890000000.0,18.62,1.58,244900000.0,841000000.0,4890000000.0,269000000.0,52.64,9.9,27.59754702653613,-90.74
JKHY,"Jack Henry & Associates, Inc.",12730000000.0,13.19,0.66,72870000.0,242720000.0,255000000.0,26710000.0,174.65,5.300000000000001,42.45874055869437,-311.34
LNT,Alliant Energy Corporation,12640000000.0,7.58,0.53,256100000.00000003,-864000000.0,9510000000.0,62000000.0,49.34,4.65,24.67,-100.0
AOS,A. O. Smith Corporation,12620000000.0,9.11,1.24,147200000.0,597700000.0,155200000.0,363400000.0,85.82,8.2,41.35943219028556,-107.5
CPB,Campbell Soup Company,12590000000.0,7.23,0.23,298100000.0,617000000.0,4520000000.0,169000000.0,42.25,3.1500000000000004,9.782797667492435,-331.88
TFII,TFI International Inc.,12590000000.0,21.59,1.41,84440000.0,725620000.0,2370000000.0,335560000.0,148.66,9.05,113.8493782949326,-30.58
TOL,"Toll Brothers, Inc.",12570000000.0,2.22,1.64,104170000.0,1270000000.0,2720000000.0,754790000.0,120.68,10.2,62.63384795243176,-92.68
MEDP,"Medpace Holdings, Inc.",12480000000.0,14.7,1.38,30760000.0,396730000.0,142120000.0,245450000.0,405.65,8.899999999999999,159.00076472702196,-155.12
ACM,AECOM,12480000000.0,82.0,1.23,136020000.0,593880000.0,2730000000.0,1190000000.0,91.73,8.15,822.9344401303749,88.85
TECH,Bio-Techne Corporation,12120000000.0,14.33,1.22,157190000.0,225390000.0,555700000.0,135650000.0,77.09,8.1,15.080263902781411,-411.2
FMS,Fresenius Medical Care AG & Co. KGaA,12090000000.0,44.6,0.94,586830000.0,2140000000.0000002,15800000000.0,1800000000.0,20.35,6.699999999999999,153.68761364977684,86.76
NI,NiSource Inc.,12090000000.0,8.89,0.48,447530000.0,-710700000.0,14130000000.0,2280000000.0,27.01,4.4,13.505,-100.0
ACI,"Albertsons Companies, Inc.",12020000000.0,8.32,0.32,576040000.0,687800000.0,14720000000.0,222700000.0,20.86,3.6,10.43,-100.0
AFRM,"Affirm Holdings, Inc.",11890000000.0,14.823806451612905,3.6,306750000.0,32799999.999999996,6200000000.0,1450000000.0,38.76,20.0,19.38,-100.0
PFGC,Performance Food Group Company,11870000000.0,19.74,1.39,155590000.0,697000000.0,5040000000.0,16399999.999999998,76.28,8.95,34.54825739753265,-120.79
KEP,Korea Electric Power Corporation,11850000000.0,14.823806451612905,0.79,1280000000.0,-26730000000.0,105310000000.0,7040000000.0,9.23,5.95,4.615,-100.0
EVRG,"Evergy, Inc.",11840000000.0,8.06,0.56,229730000.0,-353800000.0,13150000000.0,27700000.0,51.56,4.800000000000001,25.78,-100.0
DVA,DaVita Inc.,11800000000.0,34.49,1.03,87700000.0,1490000000.0,11120000000.0,476240000.0,135.17,7.15,404.9305801600246,66.62
BCH,Banco de Chile,11730000000.0,-67.68,0.16,505090000.0,112870000.0,15900000000.0,2870000000.0,23.22,2.8,0.1,-23120.0
REXR,"Rexford Industrial Realty, Inc.",11730000000.0,10.27,0.88,215090000.0,-1130000000.0,2230000000.0,33439999.999999996,53.15,6.4,26.575,-100.0
PAA,"Plains All American Pipeline, L.P.",11720000000.0,2.91,1.55,701070000.0,2150000000.0,8029999999.999999,450000000.0,16.72,9.75,10.716911047214035,-56.02
HII,"Huntington Ingalls Industries, Inc.",11610000000.0,10.16,0.6,39590000.0,692000000.0,2670000000.0,430000000.0,293.32,5.0,155.91778483344555,-88.12
GL,Globe Life Inc.,11580000000.0,14.823806451612905,0.7,94820000.0,1430000000.0,2120000000.0,103160000.0,123.62,5.5,198.220749629033,37.64
AES,The AES Corporation,11540000000.0,48.82,1.06,710290000.0,-4690000000.0,26880000000.0,2190000000.0,16.25,7.300000000000001,8.125,-100.0
REG,Regency Centers Corporation,11490000000.0,7.43,1.18,184580000.0,497900000.0,4400000000.0,91350000.0,61.87,7.8999999999999995,1.7069859818685893,-3524.52
ALLE,Allegion plc,11460000000.0,12.35,1.14,87550000.0,516400000.0,2020000000.0,468100000.0,130.85,7.699999999999999,50.726583085348345,-157.95
COTY,Coty Inc.,11400000000.0,7.97,1.83,895170000.0,396000000.0,4000000000.0,483500000.0,12.73,11.15,6.365,-100.0
ALLY,Ally Financial Inc.,11380000000.0,19.96,1.38,303960000.0,4660000000.0,20870000000.0,6950000000.0,37.43,8.899999999999999,185.70853778968416,79.84
FFIV,"F5, Inc.",11350000000.0,20.3,1.11,58810000.0,610970000.0,235000000.0,825860000.0,192.93,7.550000000000001,181.4228846541533,-6.34
FIVE,"Five Below, Inc.",11300000000.0,20.16,1.21,55190000.0,141510000.0,1690000000.0,162930000.0,204.82,8.05,13.22839700068313,-1448.34
WYNN,"Wynn Resorts, Limited",11260000000.0,6.97,1.95,112080000.0,740700000.0,13370000000.0,3810000000.0,100.43,11.75,50.215,-100.0
RL,Ralph Lauren Corporation,11250000000.0,13.62,1.55,63940000.0,776200000.0,2740000000.0,1920000000.0,176.03,9.75,121.18712263115809,-45.25
CASY,"Casey's General Stores, Inc.",11210000000.0,10.19,0.83,37110000.0,417780000.0,1650000000.0,409890000.0,302.18,6.1499999999999995,95.48660174100674,-216.46
QRVO,"Qorvo, Inc.",11210000000.0,65.03,1.56,96550000.0,615120000.0,2029999999.9999998,1070000000.0000001,116.07,9.8,561.8795585795483,79.34
DINO,HF Sinclair Corporation,11190000000.0,-1.73,1.27,198570000.0,1910000000.0,3100000000.0,1350000000.0,56.36,8.35,0.1,-56260.0
TFX,Teleflex Incorporated,10560000000.0,22.07,1.11,47060000.0,419200000.0,1930000000.0,222850000.0,224.4,7.550000000000001,122.30685710872767,-83.47
EMN,Eastman Chemical Company,10540000000.0,10.86,1.54,117340000.0,541000000.0,4850000000.0,548000000.0,89.82,9.7,8.734937061081254,-928.28
ONON,On Holding AG,10530000000.0,58.99,2.18,317100000.0,-2590000.0,291350000.0,551570000.0,33.09,12.9,0.34500776229194213,-9491.09
DAY,Dayforce Inc,10480000000.0,73.26,1.31,156600000.0,105100000.0,1240000000.0,571100000.0,66.92,8.55,85.59418628312277,21.82
ITT,ITT Inc.,10430000000.0,13.71,1.43,82100000.0,431300000.0,187700000.0,489200000.0,127.08,9.149999999999999,63.674910787318936,-99.58
WING,Wingstop Inc.,10390000000.0,19.67,1.66,29340000.0,81090000.0,712330000.0,101660000.0,353.99,10.299999999999999,17.46544604358579,-1926.8
CUBE,CubeSmart,10300000000.0,2.51,0.71,224960000.0,501570000.0,2990000000.0,8220000.000000001,45.51,5.55,5.484676060617316,-729.77
FBIN,"Fortune Brands Innovations, Inc.",10280000000.0,15.25,1.63,126130000.0,799300000.0,2810000000.0,366400000.0,81.47,10.149999999999999,54.07638141183928,-50.66
PAYC,"Paycom Software, Inc.",10250000000.0,18.29,1.17,57550000.0,292570000.0,,294030000.0,181.22,7.85,0.1,-181120.0
PAG,"Penske Automotive Group, Inc.",10200000000.0,2.3,1.2,66989999.99999999,749000000.0,7740000000.0,96400000.0,152.23,8.0,76.115,-100.0
MOS,The Mosaic Company,10160000000.0,5.32,1.5,321690000.0,1000000000.0,3760000000.0,348800000.0,31.59,9.5,13.834217032110589,-128.35
BBWI,"Bath & Body Works, Inc.",10110000000.0,10.82,1.85,225940000.0,779000000.0,5710000000.0,412000000.0,44.76,11.25,8.016401780132886,-458.36
BJ,"BJ's Wholesale Club Holdings, Inc.",10070000000.0,11.09,0.26,133380000.0,168390000.0,3100000000.0,33549999.999999996,75.48,3.3,37.74,-100.0
BXP,"Boston Properties, Inc.",10040000000.0,20.94,1.17,157010000.0,293730000.0,16620000000.000002,1610000000.0,63.94,7.85,31.97,-100.0
THC,Tenet Healthcare Corporation,9870000000.0,12.59,2.07,100000000.0,1690000000.0,15000000000.0,1230000000.0,98.68,12.35,19.89379401485817,-396.03
QGEN,Qiagen N.V.,9840000000.0,14.77,0.41,221360000.0,309750000.0,1510000000.0,1060000000.0,44.46,4.05,20.017551670665696,-122.11
WPP,WPP plc,9760000000.0,15.64,1.14,214730000.0,1320000000.0,8840000000.0,2850000000.0,45.22,7.699999999999999,54.35632132665285,16.81
THO,"Thor Industries, Inc.",5600000000.0,17.41,1.78,53320000.0,588700000.0,1480000000.0,340190000.0,105.11,10.9,113.52277269327762,7.41
MSM,"MSC Industrial Direct Co., Inc.",5580000000.0,9.38,0.9,56400000.0,619300000.0,600580000.0,25810000.0,99.0,6.5,108.9406815791264,9.12
GRFS,"Grifols, S.A.",5560000000.0,38.92,0.67,683450000.0,-710620000.0,11770000000.0,647180000.0,7.0,5.35,3.5,-100.0
LPX,Louisiana-Pacific Corporation,5560000000.0,24.34,1.83,72250000.0,14000000.0,378000000.0,222000000.0,76.9,11.15,0.958911631190408,-7919.51
ZWS,Zurn Elkay Water Solutions Corporation,5500000000.0,23.41,1.04,172000000.0,240300000.0,532600000.0,136700000.0,31.97,7.2,24.576635638754297,-30.08
NXST,"Nexstar Media Group, Inc.",5470000000.0,22.43,1.5,33430000.0,860000000.0,6880000000.0,147000000.0,163.5,9.5,216.16052124487317,24.36
CPRI,Capri Holdings Limited,5450000000.0,13.38,2.04,116570000.0,223000000.0,3710000000.0,249000000.0,46.79,12.2,23.395,-100.0
SEE,Sealed Air Corporation,5270000000.0,20.95,1.28,144490000.0,272000000.0,4790000000.0,346100000.0,36.46,8.4,18.23,-100.0
HOG,"Harley-Davidson, Inc.",5250000000.0,3.4,1.44,136560000.0,547480000.0,7180000000.0,3750000000.0,38.47,9.2,4.3394040104062395,-786.53
MMSI,"Merit Medical Systems, Inc.",4360000000.0,27.14,0.9,57930000.0,111060000.0,891360000.0,587040000.0,75.2,6.5,39.87419972762112,-88.59
AAP,"Advance Auto Parts, Inc.",4350000000.0,-4.74,1.16,59500000.0,-8300000.000000001,4000000000.0,317530000.0,73.08,7.8,0.1,-72980.0
VMI,"Valmont Industries, Inc.",4350000000.0,32.88,1.02,20220000.0,211710000.0,1270000000.0,203040000.0,215.01,7.1,251.11407275844059,14.38
CPA,"Copa Holdings, S.A.",4200000000.0,25.19,1.38,42030000.0,297970000.0,1680000000.0,934750000.0,100.04,8.899999999999999,115.92346297214368,13.7
POR,Portland General Electric Company,4200000000.0,11.02,0.58,101160000.0,-938000000.0,4440000000.0,5000000.0,41.53,4.9,20.765,-100.0
SAM,"The Boston Beer Company, Inc.",3590000000.0,38.69,1.02,12020000.0,202770000.0,45270000.0,298490000.0,298.81,7.1,646.7000080598145,53.79
GPI,"Group 1 Automotive, Inc.",3590000000.0,-2.84,1.42,13690000.0,198600000.0,3890000000.0,57200000.0,262.25,9.1,0.1,-262150.0
UA,"Under Armour, Inc.",3590000000.0,10.57,1.67,445680000.0,235830000.0,1470000000.0,1040000000.0,8.04,10.35,4.022790829107985,-99.86
UAA,"Under Armour, Inc.",3590000000.0,10.57,1.67,425680000.0,235830000.0,1470000000.0,1040000000.0,8.44,10.35,4.211796224198568,-100.39
SMPL,The Simply Good Foods Company,3340000000.0,12.71,0.7,99600000.0,198740000.0,272120000.0,121390000.0,33.48,5.5,24.931517781170946,-34.29
SR,Spire Inc.,3340000000.0,7.44,0.52,54980000.0,-53200000.0,4750000000.0,4800000.0,60.7,4.6,30.35,-100.0
CVI,"CVR Energy, Inc.",3330000000.0,-37.03,1.58,100530000.0,686000000.0,2190000000.0,581000000.0,33.09,9.9,0.1,-32990.0
ALE,"ALLETE, Inc.",3330000000.0,4.23,0.74,57580000.0,314100000.0,1790000000.0,71900000.0,57.76,5.7,19.276551567073778,-199.64
