Stock_ID,Symbol,Company Name,Stock Price,Category,Combined_Fitness_Score,Intrinsic Value,percent_from_instrinsic_value,Rev Gr. Next Y,Lower_limit,Upper_limit,normalized_fitness_score,normalized_percent_change_from_instrinsic_value,normalized_Rev_Gr_Next_Y
1,AAPL,Apple,197,1,2.61,68.66458906,-188.3,5.68,2,512,0.403899721448468,0.8147214193807021,0.49226160758861703
2,MSFT,Microsoft,374,1,3.4,128.2130242,-191.99,13.93,1,514,0.6239554317548748,0.8123355252523293,0.5746380429355965
3,GOOGL,Alphabet,133,1,3.68,107.8190101,-24.25,11.32,2,512,0.7019498607242342,0.920793487608222,0.5485771342985521
4,AMZN,Amazon.com,148,1,3.03,36.10092106,-312.29,11.35,1,511,0.520891364902507,0.7345514971647301,0.5488766849725412
5,NVDA,NVIDIA,480,1,3.93,1038.101036,53.68,56.53,1,511,0.7715877437325906,0.9711817611648854,1.0
6,META,Meta Platforms,334,1,3.29,275.130394,-21.67,13.08,1,511,0.5933147632311978,0.9224616737467589,0.5661507738392411
7,BRK.B,Berkshire Hathaway,362,1,3.06,127.7294842,-183.43,0.97,2,512,0.5292479108635099,0.8178702823631343,0.44523215177234143
8,TSLA,Tesla,239,1,3.11,17.99574905,-1229.7,20.81,1,511,0.5431754874651811,0.14136907648439462,0.6433349975037442
9,LLY,Eli Lilly and Company,597,1,2.51,80.94133691,-638.19,15.81,3,513,0.37604456824512533,0.5238298450138692,0.5934098851722416
10,V,Visa Inc.,262,1,3.05,129.7601194,-102.2,10.5,2,512,0.5264623955431755,0.870392282376066,0.5403894158761857
11,AVGO,Broadcom,1089,1,3.13,420.5159007,,6.96,1,512,0.5487465181058496,0.0,0.5050424363454817
12,UNH,UnitedHealth Group,549,1,2.78,385.0743403,-42.57,7.66,1,514,0.4512534818941504,0.9089480728570598,0.5120319520718921
13,TSM,Taiwan Semiconductor Manufacturing Company,102,1,3.82,29.47539544,-246.46,21.35,1,512,0.7409470752089137,0.7771161070484097,0.6487269096355466
14,JPM,JPMorgan Chase & Co.,161,1,2.3,94.1524786,-71.06,-1.04,3,513,0.31754874651810583,0.8905269011179434,0.42516225661507734
15,NVO,Novo Nordisk,98,1,3.08,65.00609471,-52.14,21.14,3,516,0.5348189415041783,0.9027602661338816,0.6466300549176235
16,WMT,Walmart,154,1,2.78,55.70232732,-176.56,3.38,1,511,0.4512534818941504,0.8223123128948202,0.4692960559161258
17,XOM,Exxon Mobil,98,1,2.42,0.1,-98820.0,2.0,2,512,0.350974930362117,0.0,0.455516724912631
18,MA,Mastercard,424,1,2.99,144.3748211,-194.15,12.11,2,513,0.50974930362117,0.8109389042991354,0.5564653020469296
19,JNJ,Johnson & Johnson,155,1,3.31,80.93441902,-92.49,3.59,2,512,0.5988857938718665,0.8766706108276919,0.4713929106340488
20,PG,The Procter & Gamble Company,148,1,2.65,61.11296166,-143.12,3.82,2,515,0.415041782729805,0.843934074318339,0.473689465801298
21,HD,The Home Depot,343,1,2.25,106.6319654,-222.04,1.44,2,512,0.30362116991643456,0.7929056828247952,0.4499251123315027
22,ASML,ASML Holding,735,1,3.6,267.8070082,-174.56,0.88,1,514,0.6796657381615601,0.8236054804440738,0.4443334997503744
23,COST,Costco Wholesale,642,1,2.63,186.667538,-243.93,6.67,1,513,0.4094707520891365,0.7787519639982153,0.5021467798302546
24,ADBE,Adobe,624,1,2.91,265.5028342,-135.12,12.34,1,511,0.4874651810584959,0.8491067445153531,0.5587618572141786
25,ORCL,Oracle,102,1,2.06,37.03923208,-178.06,8.39,2,512,0.2506963788300836,0.8213424372328801,0.5193210184722915
26,ABBV,AbbVie,154,1,1.72,192.1211463,19.69,-1.16,3,515,0.1559888579387187,0.9492043786653218,0.4239640539191213
27,CVX,Chevron,144,1,2.37,0.1,-144510.0,3.21,2,512,0.33704735376044576,0.0,0.46759860209685467
28,MRK,Merck & Co.,107,1,1.96,65.31722361,-63.98,5.56,3,514,0.22284122562674097,0.8951047142423008,0.491063404892661
29,KO,The Coca-Cola Company,59,1,2.49,22.92905633,-161.37,3.36,3,513,0.37047353760445695,0.8321339204314007,0.46909635546679973
30,BAC,Bank of America,62,1,2.1,43.37900337,26.14,-0.08,1,511,0.26183844011142066,0.9533748440116644,0.43474787818272587
31,TM,Toyota Motor,185,1,2.4,22.83019391,-712.43,3.84,2,512,0.34540389972144847,0.4758274655855786,0.473889166250624
32,CRM,Salesforce,257,1,2.35,9322.138826,97.24,10.87,2,512,0.3314763231197772,0.999346950387627,0.5440838741887168
33,PEP,PepsiCo,172,1,1.97,36.49470399,-371.33,4.62,3,513,0.22562674094707524,0.6963771911107663,0.4816774837743384
34,AMD,Advanced Micro Devices,138,1,2.61,57.37075756,-140.87,16.52,4,514,0.403899721448468,0.8453888878112492,0.600499251123315
35,ACN,Accenture,343,1,2.55,109.0920684,-215.0,6.85,3,513,0.3871866295264624,0.7974576325981676,0.5039440838741887
36,MCD,McDonald's,295,1,2.54,88.66607355,-233.76,6.02,2,512,0.38440111420612816,0.7853277209861695,0.49565651522715926
37,NFLX,Netflix,479,1,3.24,209.9124389,-128.66,14.0,2,512,0.5793871866295265,0.853283675699442,0.5753369945082376
38,SHEL,Shell,64,1,2.87,0.1,-64120.0,2.29,2,512,0.47632311977715885,0.0,0.4584123814278582
39,NVS,Novartis AG,99,1,2.68,116.3565135,14.31,0.4,2,512,0.4233983286908079,0.9457257579578298,0.43954068896655013
40,AZN,AstraZeneca,65,1,3.38,113.6236537,42.0,9.88,2,512,0.6183844011142061,0.9636296626772448,0.5341987019470793
41,CSCO,Cisco Systems,59,1,3.14,50.53172755,1.67,2.8,1,511,0.551532033426184,0.9375529390465476,0.4635047428856714
42,TMO,Thermo Fisher Scientific,518,1,3.16,154.6364333,-235.33,0.32,2,512,0.5571030640668524,0.7843125844600056,0.43874188716924606
43,LIN,Linde,408,1,2.66,95.92274397,-326.11,-5.6,2,512,0.41782729805013935,0.7256157093993884,0.3796305541687468
44,PDD,PDD Holdings,146,1,2.92,156.6768055,6.55,37.13,3,513,0.4902506963788301,0.9407082678667261,0.8062905641537693
45,INTC,Intel,54,1,1.99,22.285,-100.0,13.35,3,513,0.23119777158774377,0.8718147666802449,0.5688467299051423
46,SAP,SAP SE,159,1,1.96,182.4369096,12.42,8.86,1,511,0.22284122562674097,0.9445037146237852,0.5240139790314527
47,ABT,Abbott Laboratories,107,1,3.12,27.0816025,-296.03,4.02,2,512,0.5459610027855154,0.7450649493401612,0.47568647029455813
48,TMUS,T-Mobile US,159,1,2.41,208.2927399,23.4,3.49,3,513,0.3481894150417828,0.9516032044691871,0.47039440838741886
49,NKE,"NIKE, Inc.",121,1,2.72,35.57643577,-240.59,7.61,2,512,0.43454038997214495,0.7809115538054688,0.5115327009485771
50,BABA,Alibaba Group Holding,71,1,3.08,239.3714705,70.15,9.36,3,513,0.5348189415041783,0.9818309959329882,0.529006490264603
51,CMCSA,Comcast,53,1,2.52,68.92411433,36.64,2.43,2,512,0.37883008356545966,0.9601639736452454,0.4598102845731402
52,WFC,Wells Fargo & Company,53,1,2.42,68.9290094,30.71,-2.08,1,511,0.350974930362117,0.9563297318617087,0.4147778332501248
53,INTU,Intuit,610,1,3.12,330.8249699,-84.45,12.63,1,511,0.5459610027855154,0.881869144375691,0.5616575137294059
54,DIS,The Walt Disney Company,92,1,1.69,111.7962341,16.97,4.83,4,514,0.1476323119777159,0.947445670798337,0.48377433849226154
55,DHR,Danaher,226,1,2.8,66.95035915,-238.85,-11.47,1,511,0.4568245125348189,0.7820366095733194,0.3210184722915626
56,BHP,BHP Group,64,1,2.65,0.1,-63950.0,-1.54,2,512,0.415041782729805,0.0,0.4201697453819271
57,TTE,TotalEnergies SE,67,1,1.87,48.03934767,-39.59,5.5,1,511,0.19777158774373266,0.9108748925054475,0.4904643035446829
58,VZ,Verizon Communications,46,1,1.91,18.495,-100.0,1.59,2,512,0.20891364902506965,0.8718147666802449,0.4514228657014478
59,QCOM,QUALCOMM,138,1,2.85,116.3668391,-19.28,7.99,3,513,0.4707520891364903,0.9240070089681169,0.5153270094857713
60,HDB,HDFC Bank,65,1,4.75,23.59311099,-179.4,21.1,3,513,1.0,0.8204760149748801,0.6462306540189715
61,HSBC,HSBC Holdings,52,1,1.62,0.1,-39380.0,-0.87,4,514,0.1281337047353761,0.0,0.42685971043434845
62,BA,The Boeing Company,250,1,1.39,25.43684264,-886.4,18.04,2,512,0.06406685236768803,0.3633412863137612,0.6156764852720918
63,AMGN,Amgen,281,1,2.33,173.8514833,-61.99,15.52,1,515,0.3259052924791087,0.896391415953808,0.5905142286570144
64,PFE,Pfizer,56,1,2.55,0.1,-26560.0,7.5,2,512,0.3871866295264624,0.0,0.510434348477284
65,IBM,International Business Machines,163,1,1.96,135.8905558,-20.41,3.01,4,514,0.22284122562674097,0.9232763693027887,0.46560159760359454
66,TXN,Texas Instruments,161,1,2.77,12.72022199,-1172.07,0.82,3,513,0.4484679665738162,0.17863169941613485,0.44373439840239637
67,NOW,ServiceNow,715,1,3.17,997.7401675,28.27,21.14,1,511,0.5598885793871866,0.9547520674516193,0.6466300549176235
68,PM,Philip Morris International,94,1,2.12,22.63996189,-316.96,4.61,2,512,0.2674094707520892,0.7315319509372231,0.4815776335496754
69,BX,Blackstone,119,1,2.36,39.13702159,-205.98,30.91,2,512,0.3342618384401114,0.8032898182453009,0.7441837244133799
70,UNP,Union Pacific,236,1,2.39,21.1293685,-1020.19,4.2,3,513,0.34261838440111425,0.276834843106447,0.47748377433849226
71,MS,Morgan Stanley,85,1,2.11,42.815,-100.0,4.23,4,514,0.2646239554317549,0.8718147666802449,0.4777833250124812
72,SPGI,S&P Global,435,1,2.64,102.4185433,-324.98,6.86,1,513,0.4122562674094708,0.7263463490647165,0.5040439340988516
73,CAT,Caterpillar,267,1,2.85,108.8556798,-146.17,1.04,2,512,0.4707520891364903,0.8419619938057273,0.4459311033449825
74,UPS,United Parcel Service,157,1,2.49,25.91547281,-506.78,4.72,2,512,0.37047353760445695,0.6087974188375717,0.4826759860209685
75,HON,Honeywell International,203,1,2.43,56.38023793,-260.2,5.47,2,512,0.35376044568245135,0.768232045985038,0.4901647528706939
76,RY,Royal Bank of Canada,95,1,2.89,227.2642049,58.07,3.27,3,513,0.48189415041782735,0.9740202639354968,0.46819770344483275
77,COP,Conoco Phillips,111,1,3.15,0.1,-111750.0,7.86,3,513,0.5543175487465182,0.0,0.5140289565651522
78,GE,General Electric Company,121,1,2.51,0.1,-121080.0,8.99,1,511,0.37604456824512533,0.0,0.5253120319520719
79,AMAT,Applied Materials,156,1,3.21,81.96065995,-91.54,9.92,2,512,0.5710306406685236,0.8772848654135873,0.5345981028457314
80,NEE,NextEra Energy,62,1,2.81,31.255,-100.0,2.37,3,513,0.45961002785515326,0.8718147666802449,0.4592111832251622
81,UBER,Uber Technologies,61,1,1.64,12.04634006,-414.43,15.2,2,512,0.13370473537604458,0.6685094304243528,0.5873190214677982
82,AXP,American Express Company,174,1,3.28,236.9898344,26.34,9.39,3,513,0.5905292479108636,0.9535041607665896,0.529306040938592
83,BUD,Anheuser-Busch InBev,63,1,2.22,1.096207219,-5673.54,-2.0,2,512,0.29526462395543185,0.0,0.4155766350474288
84,LOW,Lowe's Companies,215,1,2.51,45.8896204,-369.5,-0.67,1,511,0.37604456824512533,0.6975604394183332,0.4288567149276085
85,SNY,Sanofi,48,1,2.57,85.81397404,43.72,5.17,1,511,0.39275766016713093,0.9647417867696029,0.48716924613080376
86,UL,Unilever,48,1,2.26,25.594848,-87.97,3.21,4,514,0.3064066852367688,0.8795931694890048,0.46759860209685467
87,RTX,RTX Corp,83,1,1.78,32.52204486,-155.89,7.2,1,511,0.17270194986072426,0.8356771995163552,0.5074388417373938
88,BKNG,Booking Holdings,2424,1,3.0,4529.703962,,11.02,1,512,0.5125348189415042,0.0,0.545581627558662
89,PLD,Prologis,129,1,3.02,0.1,-129140.0,11.45,1,511,0.5181058495821728,0.0,0.5498751872191712
90,GS,The Goldman Sachs Group,362,1,2.08,181.365,-100.0,10.52,2,512,0.25626740947075216,0.8718147666802449,0.5405891163255117
91,T,AT&T Inc.,16,1,1.16,19.29343651,14.74,1.26,3,513,0.0,0.9460037889809193,0.4481278082875686
92,SCHW,The Charles Schwab Corporation,66,1,3.22,33.15,-100.0,8.58,3,513,0.573816155988858,0.8718147666802449,0.5212181727408886
93,ISRG,Intuitive Surgical,328,1,3.14,0.1,-328860.0,14.38,4,514,0.551532033426184,0.0,0.5791313030454318
94,BLK,BlackRock,773,1,2.92,296.5564343,-160.8,6.83,1,513,0.4902506963788301,0.832502473182938,0.5037443834248626
95,ELV,Elevance Health,488,1,3.11,567.4417145,13.99,2.45,1,513,0.5431754874651811,0.9455188511499493,0.46000998502246626
96,SYK,Stryker,298,1,3.06,83.1488387,-259.03,7.56,1,511,0.5292479108635099,0.7689885490013514,0.5110334498252621
97,SONY,Sony Group,91,1,2.65,45.895,-100.0,1.36,2,512,0.415041782729805,0.8718147666802449,0.44912631053419866
98,GM,General Motors Company,53,2,2.62,70.50510556,51.79,2.92,3,513,0.4066852367688023,0.9699597178308407,0.4647029455816275
99,KDP,Keurig Dr Pepper,53,2,2.96,7.304751688,-355.05,4.37,2,512,0.5013927576601671,0.7069035749616899,0.47918122815776326
100,ROST,Ross Stores,137,2,2.71,74.46006674,-85.03,4.7,3,513,0.4317548746518106,0.8814941257864075,0.4824762855716425
101,IDXX,IDEXX Laboratories,557,2,2.88,85.12284983,-555.01,8.34,2,512,0.4791086350974931,0.5776126833873231,0.5188217673489764
102,PAYX,Paychex,128,2,2.75,54.98009626,-133.03,5.98,1,511,0.44289693593314766,0.850458104604323,0.49525711432850716
103,KHC,The Kraft Heinz Company,57,2,1.87,14.22112837,-164.82,0.84,1,511,0.19777158774373266,0.8299032064089384,0.4439340988517224
104,NEM,Newmont,50,2,1.52,8.131569199,-391.91,45.1,4,514,0.10027855153203345,0.6830704970289475,0.8858711932101847
105,HLT,Hilton Worldwide Holdings,178,2,2.05,80.18950652,-122.09,6.88,1,511,0.24791086350974928,0.8575317310987398,0.5042436345481777
106,ET,Energy Transfer LP,13,2,2.93,3.01793953,-348.32,8.52,2,512,0.49303621169916445,0.7112550837649281,0.5206190713929106
107,SPG,Simon Property Group,139,2,2.25,0.1,-139160.0,2.58,1,511,0.30362116991643456,0.0,0.4613080379430853
108,AEP,American Electric Power Company,83,2,2.09,41.785,-100.0,4.3,2,512,0.2590529247910863,0.8718147666802449,0.4784822765851222
109,EW,Edwards Lifesciences,75,2,3.17,18.3580502,-309.74,9.16,2,512,0.5598885793871866,0.7362002857900284,0.527009485771343
110,TEL,TE Connectivity,137,2,2.72,73.19557038,-88.39,6.87,3,513,0.43454038997214495,0.8793216043036616,0.5041437843235147
111,FTNT,Fortinet,55,2,3.26,46.3531703,-19.41,12.74,4,514,0.5849582172701949,0.9239229530774155,0.562755866200699
112,VLO,Valero Energy,124,2,2.34,0.1,-124700.0,-5.42,3,513,0.3286908077994429,0.0,0.38142785821268094
113,TRV,The Travelers Companies,185,2,2.32,379.728639,51.22,9.22,2,512,0.3231197771587744,0.9695911650793035,0.5276085871193209
114,WMB,The Williams Companies,64,2,2.47,4.000765019,-766.33,-0.84,2,512,0.3649025069637884,0.44097660013319623,0.4271592611083374
115,HES,Hess Corporation,136,2,2.36,68.365,-100.0,25.62,2,512,0.3342618384401114,0.8718147666802449,0.69136295556665
116,ODFL,Old Dominion Freight Line,384,2,3.12,57.45025923,-568.51,12.09,2,512,0.5459610027855154,0.5688838024298618,0.5562656015976035
117,KMB,Kimberly-Clark,123,2,1.78,67.41887195,-83.36,0.79,2,512,0.17270194986072426,0.8825739206900343,0.44343484772840736
118,CM,Canadian Imperial Bank of Commerce,54,2,1.98,22.245,-100.0,2.28,1,511,0.2284122562674095,0.8718147666802449,0.45831253120319515
119,D,Dominion Energy,59,2,1.78,24.735,-100.0,-2.01,2,512,0.17270194986072426,0.8718147666802449,0.41547678482276584
120,DLR,Digital Realty Trust,136,2,2.19,68.335,-100.0,5.67,3,513,0.28690807799442897,0.8718147666802449,0.492161757363954
121,IQV,IQVIA Holdings,225,2,2.45,50.40478953,-348.27,4.7,2,512,0.35933147632311985,0.7112874129536594,0.4824762855716425
122,O,Realty Income,56,2,2.7,28.31,-100.0,19.97,1,511,0.4289693593314764,0.8718147666802449,0.6349475786320519
123,NUE,Nucor,166,2,3.15,0.1,-166620.0,-8.94,3,513,0.5543175487465182,0.0,0.346280579131303
124,CNC,Centene,76,2,2.79,332.1055688,76.91,-5.82,2,512,0.4540389972144847,0.986201902249465,0.3774338492261607
125,LEN,Lennar,145,2,3.62,139.3605085,-4.16,4.44,2,512,0.6852367688022284,0.9337833556404735,0.4798801797304043
126,COR,Cencora,203,2,2.11,250.686393,18.74,5.86,2,514,0.2646239554317549,0.9485901240794263,0.4940589116325511
127,EXC,Exelon,51,2,1.79,20.5,-100.0,3.23,2,512,0.17548746518105854,0.8718147666802449,0.46779830254618066
128,GWW,W.W. Grainger,818,2,3.01,219.405481,-273.19,6.03,1,513,0.5153203342618384,0.7598329227526364,0.4957563654518222
129,LNG,Cheniere Energy,170,2,3.35,308.3417676,44.83,-8.82,3,513,0.6100278551532035,0.9654594947594385,0.34747878182725905
130,LEN.B,Lennar,132,2,3.14,128.5078808,-3.12,4.44,1,511,0.551532033426184,0.9344558027660854,0.4798801797304043
131,KVUE,Kenvue,51,2,1.83,0.1,-20940.0,2.4,2,512,0.18662952646239558,0.0,0.4595107338991512
132,TRP,TC Energy,58,2,1.46,19.395,-100.0,2.06,3,513,0.08356545961002787,0.8718147666802449,0.45611582626060904
133,ADM,Archer-Daniels-Midland Company,75,2,2.91,0.1,-75160.0,-0.49,2,512,0.4874651810584959,0.0,0.4306540189715426
134,DASH,DoorDash,100,2,1.49,32.89835183,-205.27,17.66,3,513,0.09192200557103067,0.8037488927252859,0.6118821767348976
135,SU,Suncor Energy,50,2,1.54,24.40401783,-24.86,0.46,2,512,0.10584958217270199,0.9203990715056997,0.44013979031452816
136,LHX,L3Harris Technologies,208,2,3.32,160.5711411,-29.59,11.22,1,511,0.6016713091922006,0.9173407302517151,0.547578632051922
137,GIS,General Mills,67,2,2.55,17.84930372,-280.07,1.82,1,511,0.3871866295264624,0.7553844263832044,0.45371942086869693
138,PTC,PTC Inc.,169,2,2.96,112.0909527,-51.5,11.59,1,514,0.5013927576601671,0.9031740797496428,0.5512730903644533
139,BGNE,BeiGene,183,2,2.26,91.665,-100.0,27.68,1,511,0.3064066852367688,0.8718147666802449,0.7119321018472291
140,JBHT,J.B. Hunt Transport Services,196,2,2.7,4.87391588,-3921.61,6.22,2,512,0.4289693593314764,0.0,0.4976535197204193
141,FTS,Fortis,41,2,1.95,20.645,-100.0,3.33,1,515,0.2200557103064067,0.8718147666802449,0.4687968047928107
142,EXPE,Expedia Group,144,2,1.69,805.2508631,82.01,9.69,3,513,0.1476323119777159,0.9894994795000615,0.5323015476784821
143,ILMN,Illumina,126,2,1.39,6.014087136,-2006.22,1.52,3,513,0.06406685236768803,0.0,0.45072391412880675
144,PPL,PPL Corporation,57,2,1.95,13.635,-100.0,3.68,4,514,0.2200557103064067,0.8718147666802449,0.4722915626560159
145,IFF,International Flavors & Fragrances,78,2,2.19,39.365,-100.0,-0.71,2,512,0.28690807799442897,0.8718147666802449,0.4284573140289565
146,TECK,Teck Resources,49,2,2.22,0.1,-38980.0,13.25,3,515,0.29526462395543185,0.0,0.5678482276585122
147,TDY,Teledyne Technologies,421,2,3.13,112.1737634,-276.11,4.11,2,512,0.5487465181058496,0.7579448981307264,0.47658512231652517
148,YPF,YPF SA,57,2,3.22,10.35716184,-69.93,25.2,4,514,0.573816155988858,0.8912575407832716,0.6871692461308037
149,TS,Tenaris,53,2,2.4,0.1,-33480.0,-9.5,3,513,0.34540389972144847,0.0,0.34068896655017467
150,IRM,Iron Mountain,67,2,1.66,33.92,-100.0,8.98,1,511,0.1392757660167131,0.8718147666802449,0.5252121817274088
151,CCJ,Cameco,45,2,2.15,10.94437088,-317.11,9.1,2,512,0.2757660167130919,0.7314349633710292,0.526410384423365
152,CNP,CenterPoint Energy,50,2,1.84,15.1,-100.0,1.88,2,512,0.18941504178272986,0.8718147666802449,0.45431852221667496
153,K,Kellanova Co,55,2,1.94,30.35746864,-82.16,-9.4,3,513,0.21727019498607245,0.8833498212195863,0.3416874687968048
154,TRGP,Targa Resources,84,2,2.16,42.425,-100.0,21.35,4,514,0.27855153203342625,0.8718147666802449,0.6487269096355466
155,OWL,Blue Owl Capital,53,2,1.49,6.341951653,-111.45,22.87,3,513,0.09192200557103067,0.8644113824607685,0.6639041437843234
156,LH,Laboratory Corporation of America Holdings,221,2,2.58,40.8526255,-442.12,3.49,2,512,0.39554317548746526,0.6506055257049379,0.47039440838741886
157,PBA,Pembina Pipeline,54,2,2.2,0.1,-34090.0,-3.22,2,512,0.2896935933147633,0.0,0.40339490763854213
158,WRB,W. R. Berkley,72,2,3.18,102.8892345,29.25,9.9,2,512,0.562674094707521,0.9553857195507536,0.5343984023964053
159,MKC,McCormick & Company,69,2,2.68,15.8393299,-340.61,2.96,2,512,0.4233983286908079,0.7162402446673004,0.46510234648027954
160,STLD,Steel Dynamics,115,2,2.8,0.1,-115260.0,-8.34,2,512,0.4568245125348189,0.0,0.3522715926110834
161,PFG,Principal Financial Group,78,2,2.74,0.1,-77980.0,5.86,1,511,0.44011142061281344,0.0,0.4940589116325511
162,BALL,Ball Corporation,58,2,2.42,29.475,-100.0,0.19,2,512,0.350974930362117,0.8718147666802449,0.437443834248627
163,BMRN,BioMarin Pharmaceutical,98,2,1.74,9.334653694,-955.31,18.31,4,514,0.16155988857938722,0.31878519840423125,0.6183724413379929
164,CTRA,Coterra Energy,54,2,3.99,0.1,-24560.0,11.34,3,513,0.7883008356545962,0.0,0.5487768347478781
165,DECK,Deckers Outdoor,719,2,3.45,442.8280361,-62.43,10.61,1,512,0.637883008356546,0.8961069190929722,0.5414877683474787
166,WAT,Waters,312,2,2.36,27.04063321,-1054.3,2.41,1,511,0.3342618384401114,0.2547798705539283,0.4596105841238143
167,EXPD,Expeditors International of Washington,122,3,2.34,0.1,-122190.0,-2.51,1,511,0.3286908077994429,0.0,0.41048427358961553
168,AKAM,Akamai Technologies,117,3,2.63,50.53215299,-132.53,7.94,1,511,0.4094707520891365,0.8507813964916364,0.5148277583624562
169,ALGN,Align Technology,231,3,2.44,179.3622323,-28.99,5.35,5,515,0.3565459610027855,0.9177286805164911,0.48896655017473784
170,RPRX,Royalty Pharma,59,3,1.64,1670.248963,98.25,-5.26,2,512,0.13370473537604458,1.0,0.383025461807289
171,WMG,Warner Music Group,53,3,1.92,10.99705183,-208.99,5.53,1,511,0.21169916434540392,0.8013436010836744,0.49076385421867197
172,CMS,CMS Energy,59,3,2.44,29.955,-100.0,4.24,3,513,0.3565459610027855,0.8718147666802449,0.47788317523714424
173,FDS,FactSet Research Systems,458,3,2.66,171.7288522,-167.27,7.04,2,512,0.41782729805013935,0.8283190761611028,0.5058412381427858
174,SWKS,Skyworks Solutions,108,3,2.57,131.810376,17.33,8.59,2,512,0.39275766016713093,0.9476784409572026,0.5213180229655516
175,CHKP,Check Point Software Technologies,148,3,2.87,0.1,-148670.0,4.75,4,514,0.47632311977715885,0.0,0.4829755366949575
176,LUV,Southwest Airlines Co.,59,3,1.88,14.575,-100.0,6.93,2,512,0.20055710306406685,0.8718147666802449,0.5047428856714927
177,TYL,Tyler Technologies,412,3,2.47,161.050476,-156.11,8.91,1,513,0.3649025069637884,0.8355349510859376,0.5245132301547678
178,ATO,Atmos Energy,116,3,2.4,0.016167699,-722637.35,5.32,1,513,0.34540389972144847,0.0,0.4886669995007488
179,NTRS,Northern Trust,82,3,2.29,252.911716,67.24,1.01,1,516,0.3147632311977716,0.9799494371488242,0.4456315526709934
180,HOLX,Hologic,71,3,2.48,87.75882873,19.06,5.61,2,515,0.3676880222841226,0.9487970308873068,0.491562656015976
181,IEX,IDEX Corporation,208,3,1.75,74.622233,-179.86,1.77,3,511,0.16434540389972147,0.820178586438552,0.45322016974538193
182,MGA,Magna International,54,3,2.66,27.44771654,-99.98,5.83,2,514,0.41782729805013935,0.8718276983557375,0.4937593609585621
183,VRTX,Vertex Pharmaceuticals Incorporated,413,1,3.74,211.724921,-95.34,7.04,1,510,0.7186629526462396,0.8748278470700057,0.5058412381427858
184,REGN,"Regeneron Pharmaceuticals, Inc.",968,1,3.39,605.3629836,-60.04,7.44,1,512,0.6211699164345406,0.8976522543143303,0.509835247129306
185,ABNB,"Airbnb, Inc.",164,1,2.72,0.1,-164810.0,11.78,1,511,0.43454038997214495,0.0,0.5531702446330504
186,LMT,Lockheed Martin Corporation,432,1,2.11,169.1848621,-155.87,3.14,1,511,0.2646239554317549,0.8356901311918478,0.4668996505242136
187,DE,Deere & Company,374,1,3.05,0.1,-374000.0,1.69,1,514,0.5264623955431755,0.0,0.4524213679480778
188,SBUX,Starbucks Corporation,91,1,2.65,41.84993732,-117.59,10.18,1,511,0.415041782729805,0.8604413580845602,0.5371942086869694
189,BP,BP p.l.c.,56,1,1.37,0.1,-36310.0,-1.68,2,512,0.05849582172701955,0.0,0.418771842236645
190,MMC,"Marsh & McLennan Companies, Inc.",205,1,3.2,81.2570373,-152.47,5.73,1,511,0.5682451253481895,0.8378885160255788,0.49276085871193204
191,CI,Cigna Corporation,341,1,3.27,588.7830589,41.95,4.35,2,512,0.5877437325905294,0.9635973334885135,0.4789815277084373
192,UBS,UBS Group AG,50,1,1.98,23.56534454,-30.91,12.35,2,512,0.2284122562674095,0.9164872396692076,0.5588617074388417
193,ADP,"Automatic Data Processing, Inc.",242,1,2.65,88.36138932,-174.33,5.86,2,514,0.415041782729805,0.8237541947122379,0.4940589116325511
194,BSX,Boston Scientific Corporation,67,1,2.13,24.59099631,-175.14,9.38,2,512,0.2701949860724234,0.8232304618547901,0.529206190713929
195,SHOP,Shopify Inc.,76,1,2.43,121.3644245,37.25,19.99,3,513,0.35376044568245135,0.9605583897477676,0.6351472790813779
196,ADI,"Analog Devices, Inc.",195,1,3.13,86.75500529,-125.85,12.66,2,512,0.5487465181058496,0.8551005761061432,0.5619570644033949
197,MDLZ,"Mondelez International, Inc.",71,1,3.02,14.04331775,-411.63,4.39,1,513,0.5181058495821728,0.6703198649933079,0.4793809286070893
198,AMT,American Tower Corporation,207,1,1.92,8.186925552,-2432.21,-0.68,1,511,0.21169916434540392,0.0,0.42875686470294555
199,KLAC,KLA Corporation,699,1,3.24,232.4103621,-200.85,13.28,1,512,0.5793871866295265,0.8066067930091363,0.5681477783325012
200,CVS,CVS Health Corporation,75,1,2.38,61.17000714,-22.72,5.96,2,512,0.33983286908078,0.9217827607834009,0.4950574138791812
201,GILD,"Gilead Sciences, Inc.",75,1,3.23,85.0549124,11.68,1.97,3,513,0.5766016713091923,0.9440252426305614,0.455217174238642
202,PANW,"Palo Alto Networks, Inc.",280,1,2.75,704.6675487,60.24,14.2,4,514,0.44289693593314766,0.9754233507264368,0.5773339990014976
203,FI,"Fiserv, Inc.",151,1,3.63,99.44657384,-52.08,8.51,3,513,0.6880222841225626,0.9027990611603592,0.5205192211682476
204,GSK,GSK plc,53,1,2.3,0.1,-43040.0,6.26,2,512,0.31754874651810583,0.0,0.4980529206190713
205,KKR,KKR & Co. Inc.,98,1,3.81,49.325,-100.0,-10.32,2,512,0.7381615598885796,0.8718147666802449,0.33250124812780824
206,SNPS,"Synopsys, Inc.",571,1,3.53,181.2794288,-215.14,13.01,2,512,0.6601671309192201,0.7973671108697198,0.5654518222666001
207,SHW,The Sherwin-Williams Company,340,1,2.09,58.43424094,-483.03,4.53,2,512,0.2590529247910863,0.6241537834849572,0.4807788317523714
208,EQIX,"Equinix, Inc.",910,1,2.53,455.05,-100.0,8.71,1,511,0.3816155988857938,0.8718147666802449,0.5225162256615077
209,HCA,"HCA Healthcare, Inc.",325,1,2.36,8.129545077,-3902.31,5.38,1,511,0.3342618384401114,0.0,0.4892661008487269
210,ANET,"Arista Networks, Inc.",273,1,4.03,0.1,-273010.0,14.9,1,511,0.7994428969359332,0.0,0.5843235147279081
211,CDNS,"Cadence Design Systems, Inc.",308,1,3.01,100.4965408,-207.08,12.99,2,512,0.5153203342618384,0.8025785760932116,0.565252121817274
212,CP,Canadian Pacific Railway Limited,89,1,3.26,0.643172494,-13846.49,8.72,1,511,0.5849582172701949,0.0,0.5226160758861707
213,WM,"Waste Management, Inc.",207,1,2.49,24.56194746,-745.82,6.47,3,513,0.37047353760445695,0.45423803335079105,0.5001497753369945
214,ZTS,Zoetis Inc.,182,1,2.6,31.21558965,-483.55,7.1,2,512,0.40111420612813375,0.6238175599221514,0.5064403394907638
215,DEO,Diageo plc,149,1,2.43,0.1,-149060.0,3.46,1,512,0.35376044568245135,0.0,0.4700948577134298
216,CNI,Canadian National Railway Company,128,1,3.19,26.8954558,-378.59,5.71,1,514,0.5654596100278553,0.691682992906976,0.49256115826260605
217,STLA,Stellantis N.V.,57,1,2.72,0.1,-27200.0,3.43,1,512,0.43454038997214495,0.0,0.4697953070394408
218,DELL,Dell Technologies Inc.,116,1,2.05,171.7428889,32.31,4.73,3,513,0.24791086350974928,0.9573642659011115,0.4827758362456315
219,ICE,"Intercontinental Exchange, Inc.",138,1,2.81,48.01457718,-188.79,5.66,3,515,0.45961002785515326,0.8144045933311349,0.49206190713929104
220,TGT,Target Corporation,169,1,1.99,56.8669017,-198.45,-0.55,2,512,0.23119777158774377,0.8081585940682404,0.4300549176235646
221,CRWD,"CrowdStrike Holdings, Inc.",322,1,2.38,1565.543585,79.38,25.84,2,512,0.33983286908078,0.987798964172793,0.693559660509236
222,ITW,Illinois Tool Works Inc.,261,1,2.26,82.05330825,-218.31,3.56,1,511,0.3064066852367688,0.7953174403041531,0.47109335996005985
223,EQNR,Equinor ASA,56,1,3.39,0.1,-26150.0,-3.42,2,512,0.6211699164345406,0.0,0.401397903145282
224,CNQ,Canadian Natural Resources Limited,71,1,3.2,40.12940686,-78.65,8.18,2,512,0.5682451253481895,0.8856193302685261,0.5172241637543684
225,MELI,"MercadoLibre, Inc.",1512,1,2.9,3683.954105,,22.16,1,513,0.48467966573816157,0.0,0.6568147778332502
226,CME,CME Group Inc.,212,1,2.58,89.711046,-137.41,4.08,3,513,0.39554317548746526,0.8476260676714578,0.4762855716425361
227,ENB,Enbridge Inc.,55,1,2.44,2.428126089,-1376.04,6.45,1,511,0.3565459610027855,0.046748006905514686,0.49995007488766846
228,RACE,Ferrari N.V.,420,1,2.63,76.04850436,-453.25,7.83,2,512,0.4094707520891365,0.6434090482933421,0.5137294058911632
229,SO,The Southern Company,69,1,2.29,34.505,-100.0,3.89,3,513,0.3147632311977716,0.8718147666802449,0.47438841737393905
230,CSX,CSX Corporation,50,1,2.81,6.781362067,-463.16,3.99,2,512,0.45961002785515326,0.6370014030867909,0.4753869196205691
231,GD,General Dynamics Corporation,272,1,2.62,168.4400757,-61.67,4.1,3,513,0.4066852367688023,0.8965983227616886,0.47648527209186214
232,MO,"Altria Group, Inc.",51,1,1.98,40.28349799,-3.94,0.89,2,512,0.2284122562674095,0.9339256040708914,0.4444333499750374
233,CMG,"Chipotle Mexican Grill, Inc.",2686,1,3.4,611.8823726,,13.44,1,511,0.6239554317548748,0.0,0.5697453819271092
234,DUK,Duke Energy Corporation,94,1,1.91,47.47,-100.0,3.61,1,511,0.20891364902506965,0.8718147666802449,0.47159261108337486
235,CL,Colgate-Palmolive Company,88,1,1.96,42.0016244,-109.68,4.28,4,514,0.22284122562674097,0.8655558357418578,0.4782825761357963
236,MAR,"Marriott International, Inc.",250,1,2.22,44.75547972,-459.22,6.68,1,511,0.29526462395543185,0.6395489431588204,0.5022466300549175
237,SLB,Schlumberger Limited,50,1,2.25,26.76566478,-88.3,9.75,2,512,0.30362116991643456,0.8793797968433781,0.5329006490264603
238,TRI,Thomson Reuters Corporation,156,1,3.26,0.1,-156590.0,6.93,1,511,0.5849582172701949,0.0,0.5047428856714927
239,MCO,Moody's Corporation,387,1,2.15,112.5770406,-243.77,9.62,2,512,0.2757660167130919,0.7788554174021557,0.5316025961058412
240,WDAY,"Workday, Inc.",264,1,2.47,156.5935511,-68.79,16.88,1,513,0.3649025069637884,0.8919946462863461,0.6040938592111832
241,BDX,"Becton, Dickinson and Company",239,1,1.76,337.3467943,28.89,5.87,3,513,0.16713091922005574,0.955152949391888,0.4941587618572141
242,MCK,McKesson Corporation,527,1,1.97,278.5142532,-89.37,7.93,1,513,0.22562674094707524,0.8786879522045273,0.5147279081377932
243,PH,Parker-Hannifin Corporation,537,1,3.17,193.5014772,-177.7,4.64,1,511,0.5598885793871866,0.8215752073917457,0.48187718422366443
244,NOC,Northrop Grumman Corporation,459,1,2.13,163.0393379,-181.83,5.35,2,512,0.2701949860724234,0.8189048164025372,0.48896655017473784
245,EOG,"EOG Resources, Inc.",118,1,2.59,0.1,-118620.0,6.71,2,512,0.3983286908077994,0.0,0.5025461807289066
246,USB,U.S. Bancorp,53,1,2.35,58.52614117,26.08,4.64,3,513,0.3314763231197772,0.9533360489851868,0.48187718422366443
247,APH,Amphenol Corporation,110,1,2.98,25.5870659,-331.51,8.65,1,511,0.5069637883008357,0.7221241570164039,0.5219171243135297
248,BN,Brookfield Corporation,51,1,1.43,20.835,-100.0,-43.62,2,512,0.07520891364902507,0.8718147666802449,0.0
249,MPC,Marathon Petroleum Corporation,179,1,2.7,0.1,-179450.0,-7.03,2,512,0.4289693593314764,0.0,0.36535197204193703
250,TDG,TransDigm Group Incorporated,1164,1,2.59,,,9.17,1,511,0.3983286908077994,0.0,0.527109335996006
251,TT,Trane Technologies plc,284,1,2.94,74.34378679,-283.15,5.47,2,512,0.4958217270194986,0.753392948357354,0.4901647528706939
252,NXPI,NXP Semiconductors N.V.,252,1,3.43,110.9550157,-127.15,8.28,4,514,0.6323119777158775,0.8542600171991284,0.5182226660009984
253,ORLY,"O'Reilly Automotive, Inc.",1084,1,2.75,297.5778337,,5.93,1,513,0.44289693593314766,0.0,0.49475786320519216
254,PSX,Phillips 66,149,1,1.82,0.1,-149240.0,-5.87,2,512,0.18384401114206134,0.0,0.3769345981028457
255,ECL,Ecolab Inc.,223,1,2.26,54.29146412,-311.59,4.84,4,513,0.3064066852367688,0.735004105806969,0.4838741887169245
256,SMCI,"Super Micro Computer, Inc.",1140,1,3.73,,,25.88,1,513,0.7158774373259054,0.0,0.6939590614078881
257,CTAS,Cintas Corporation,625,1,2.33,100.658899,-521.28,7.55,2,511,0.3259052924791087,0.5994219541054837,0.510933599600599
258,PYPL,"PayPal Holdings, Inc.",59,1,3.28,76.29765694,22.66,7.88,1,512,0.5905292479108636,0.9511247324759633,0.5142286570144783
259,EMR,Emerson Electric Co.,110,1,3.05,0.1,-110050.0,4.99,3,512,0.5264623955431755,0.0,0.4853719420868697
260,AON,Aon plc,316,1,2.47,169.5994821,-86.76,8.15,3,513,0.3649025069637884,0.8803755358563032,0.5169246130803794
261,COIN,"Coinbase Global, Inc.",256,1,1.51,87.02081698,-194.89,4.36,4,511,0.09749303621169919,0.8104604323059117,0.4790813779331003
262,MNST,Monster Beverage Corporation,59,1,3.06,23.46872459,-152.17,11.49,3,512,0.5292479108635099,0.8380824911579668,0.5502745881178233
263,FDX,FedEx Corporation,247,1,2.64,84.137173,-194.38,4.35,1,514,0.4122562674094708,0.8107901900309714,0.4789815277084373
264,EPD,Enterprise Products Partners L.P.,58,1,2.72,0.1,-27900.0,3.49,1,513,0.43454038997214495,0.0,0.47039440838741886
265,PCAR,PACCAR Inc,114,1,3.71,0.1,-114550.0,-7.34,2,512,0.7103064066852367,0.0,0.36225661507738394
266,PNC,"The PNC Financial Services Group, Inc.",150,1,2.45,162.2871826,7.37,4.88,1,514,0.35933147632311985,0.94123846656192,0.4842735896155766
267,NSC,Norfolk Southern Corporation,259,1,2.78,129.77,-100.0,4.05,1,513,0.4512534818941504,0.8718147666802449,0.4759860209685471
268,ROP,"Roper Technologies, Inc.",545,1,2.65,287.4500554,-89.93,8.82,1,511,0.415041782729805,0.8783258652907363,0.5236145781328008
269,LULU,Lululemon Athletica Inc.,460,1,3.21,212.9665911,-116.18,13.96,2,512,0.5710306406685236,0.8613530412067839,0.5749375936095855
270,RSG,"Republic Services, Inc.",184,1,3.15,33.49044233,-449.98,6.49,3,515,0.5543175487465182,0.6455233772363717,0.5003494757863205
271,PLTR,Palantir Technologies Inc.,26,1,1.76,15.71827821,-65.67,19.79,2,512,0.16713091922005574,0.8940119876631816,0.6331502745881178
272,VALE,Vale S.A.,53,1,3.41,0.1,-13090.0,3.1,3,514,0.6267409470752089,0.0,0.46650024962556164
273,CRH,CRH plc,67,1,3.27,25.90381485,-213.35,3.15,3,513,0.5877437325905294,0.7985244958263018,0.46699950074887664
274,FCX,Freeport-McMoRan Inc.,50,1,3.04,3.501272543,-1038.16,6.46,1,511,0.5236768802228413,0.26521573267640414,0.5000499251123315
275,PXD,Pioneer Natural Resources Company,243,1,3.63,84.33097567,-188.77,7.9,2,512,0.6880222841225626,0.8144175250066275,0.5144283574638042
276,MSI,"Motorola Solutions, Inc.",335,1,2.25,127.5829747,-162.9,5.68,2,512,0.30362116991643456,0.8311446472562217,0.49226160758861703
277,CEG,Constellation Energy Corporation,170,1,1.98,85.285,-100.0,,3,513,0.2284122562674095,0.8718147666802449,0.0
278,ADSK,"Autodesk, Inc.",251,1,2.67,121.1292315,-107.93,9.55,4,514,0.42061281337047357,0.8666873573474547,0.5309036445332002
279,APD,"Air Products and Chemicals, Inc.",241,1,2.8,120.805,-100.0,,3,513,0.4568245125348189,0.8718147666802449,0.0
280,EL,The Estée Lauder Companies Inc.,149,1,1.73,22.64319436,-560.24,8.23,2,512,0.15877437325905294,0.574231050246025,0.5177234148776834
281,OXY,Occidental Petroleum Corporation,60,1,2.38,0.1,-60700.0,2.97,2,512,0.33983286908078,0.0,0.4652021967049425
282,CTSH,Cognizant Technology Solutions Corporation,76,2,2.84,57.12493247,-34.39,5.11,2,512,0.467966573816156,0.9142371281335065,0.4865701447828257
283,CMI,Cummins Inc.,268,2,2.21,747.2066962,64.05,4.41,2,512,0.2924791086350975,0.9778868349077648,0.47958062905641535
284,WDS,Woodside Energy Group Ltd,59,2,1.82,2.643239769,-646.05,4.08,2,512,0.18384401114206134,0.518747696545303,0.4762855716425361
285,MLM,"Martin Marietta Materials, Inc.",596,2,3.03,67.75861715,-780.85,7.8,1,511,0.520891364902507,0.4315882037256157,0.5134298552171741
286,VEEV,Veeva Systems Inc.,227,2,3.47,124.921508,-82.35,13.6,2,512,0.6434540389972147,0.8832269703024073,0.5713429855217174
287,IR,Ingersoll Rand Inc.,90,2,2.57,57.22192341,-57.93,5.85,3,513,0.39275766016713093,0.8990165460787927,0.49395906140788814
288,EA,Electronic Arts Inc.,135,2,2.65,218.4249826,38.13,4.81,2,512,0.415041782729805,0.9611273834694393,0.48357463804293555
289,QSR,Restaurant Brands International Inc.,79,2,2.57,0.41748795,-18990.37,8.62,1,511,0.39275766016713093,0.0,0.5216175736395406
290,MPWR,"Monolithic Power Systems, Inc.",732,2,3.99,231.7708687,-215.92,20.21,1,511,0.7883008356545962,0.7968627755255109,0.637343984023964
291,PWR,"Quanta Services, Inc.",242,2,2.89,115.1202296,-110.27,8.67,2,512,0.48189415041782735,0.8651743513148281,0.5221168247628557
292,VMC,Vulcan Materials Company,266,2,2.83,43.13057542,-518.35,7.65,3,513,0.4651810584958218,0.60131644456514,0.511932101847229
293,DG,Dollar General Corporation,157,2,2.24,78.655,-100.0,4.31,3,513,0.3008356545961004,0.8718147666802449,0.4785821268097853
294,NDAQ,"Nasdaq, Inc.",60,2,3.03,24.90331316,-140.97,6.63,1,511,0.520891364902507,0.8453242294337866,0.5017473789316026
295,ROK,"Rockwell Automation, Inc.",294,2,2.38,68.50705734,-330.01,4.79,2,512,0.33983286908078,0.7230940326783439,0.4833749375936095
296,ON,ON Semiconductor Corporation,78,2,3.6,11.11065579,-610.58,10.64,3,513,0.6796657381615601,0.541682023031314,0.5417873190214677
297,EFX,Equifax Inc.,270,2,2.34,87.71686577,-207.81,11.36,2,512,0.3286908077994429,0.802106569937734,0.5489765351972041
298,GPN,Global Payments Inc.,129,2,2.96,294.6505044,56.01,7.18,3,513,0.5013927576601671,0.9726883013597657,0.5072391412880678
299,BCE,BCE Inc.,56,2,2.14,18.265,-100.0,1.26,2,512,0.2729805013927577,0.8718147666802449,0.4481278082875686
300,PPG,"PPG Industries, Inc.",140,2,2.58,78.79921369,-78.59,3.53,1,511,0.39554317548746526,0.8856581252950039,0.47079380928607084
301,NET,"Cloudflare, Inc.",97,2,2.23,5.292557143,-1751.47,27.79,4,514,0.29805013927576607,0.0,0.7130304543185222
302,EXR,Extra Space Storage Inc.,150,2,3.39,75.3,-100.0,5.74,1,511,0.6211699164345406,0.8718147666802449,0.49286070893659506
303,SE,Sea Limited,57,2,2.58,51.48254823,-12.12,11.2,2,512,0.39554317548746526,0.9286365487944446,0.547378931602596
304,ACGL,Arch Capital Group Ltd.,87,2,4.01,225.0949217,61.08,8.19,1,511,0.7938718662952645,0.9759664810971233,0.5173240139790314
305,RCL,Royal Caribbean Cruises Ltd.,127,2,1.81,63.735,-100.0,7.96,2,512,0.18105849582172706,0.8718147666802449,0.5150274588117822
306,FANG,"Diamondback Energy, Inc.",183,2,3.39,8.476860825,-2062.24,54.42,3,513,0.6211699164345406,0.0,0.9789316025961057
307,BIIB,Biogen Inc.,223,2,2.48,189.892307,-17.56,1.32,4,514,0.3676880222841226,0.925119133060475,0.4487269096355466
308,CCEP,Coca-Cola Europacific Partners PLC,70,2,3.9,51.64346702,-36.69,4.49,2,512,0.7632311977715879,0.912749985451865,0.48037943085371937
309,FICO,Fair Isaac Corporation,1300,2,2.78,280.3763443,,13.63,1,510,0.4512534818941504,0.0,0.5716425361957064
310,HAL,Halliburton Company,56,2,2.1,13.54158616,-167.4,7.77,2,512,0.26183844011142066,0.8282350202704013,0.5131303045431852
311,DLTR,"Dollar Tree, Inc.",147,2,2.13,73.955,-100.0,3.2,4,514,0.2701949860724234,0.8718147666802449,0.4674987518721917
312,LYB,LyondellBasell Industries N.V.,98,2,2.17,98.28366695,-0.67,-14.6,3,513,0.28133704735376047,0.9360399330139209,0.2897653519720419
313,PEG,Public Service Enterprise Group Incorporated,64,2,2.67,0.1,-64160.0,4.19,3,513,0.42061281337047357,0.0,0.4773839241138292
314,ED,"Consolidated Edison, Inc.",90,2,2.81,0.1,-90020.0,3.66,1,511,0.45961002785515326,0.0,0.47209186220668997
315,BKR,Baker Hughes Company,50,2,2.12,24.40763417,-25.37,7.21,3,513,0.2674094707520892,0.92006931378064,0.5075386919620569
316,XYL,Xylem Inc.,127,2,2.42,33.6925522,-277.18,5.43,2,512,0.350974930362117,0.7572530534918757,0.4897653519720419
317,DFS,Discover Financial Services,121,2,3.21,219.8957322,44.86,1.59,3,513,0.5710306406685236,0.9654788922726772,0.4514228657014478
318,HPQ,HP Inc.,50,2,1.46,17.99054036,-70.87,3.3,2,512,0.08356545961002787,0.8906497520351223,0.4684972541188217
319,FTV,Fortive Corporation,85,2,2.48,55.25442035,-53.92,4.74,1,511,0.3676880222841226,0.9016093470150459,0.48287568647029455
320,DD,"DuPont de Nemours, Inc.",71,2,1.86,178.6078469,60.02,5.02,1,511,0.19498607242339838,0.9752811022960189,0.4856714927608587
321,DVN,Devon Energy Corporation,46,2,2.05,16.33088737,-182.65,3.26,1,515,0.24791086350974928,0.8183746177073432,0.46809785322016967
322,XEL,Xcel Energy Inc.,51,2,2.09,25.51,-100.0,4.38,2,512,0.2590529247910863,0.8718147666802449,0.47928107838242634
323,MTD,Mettler-Toledo International Inc.,1313,2,2.42,392.1798878,,5.43,1,511,0.350974930362117,0.0,0.4897653519720419
324,WTW,Willis Towers Watson PLC,273,2,2.68,146.6735605,-86.61,5.12,3,513,0.4233983286908079,0.8804725234224973,0.4866699950074887
325,CAH,"Cardinal Health, Inc.",115,2,1.86,1130.957724,89.82,8.47,3,513,0.19498607242339838,0.9945492987798964,0.5201198202695956
326,PUK,Prudential plc,50,2,1.74,7.49339603,-171.04,11.24,4,514,0.16155988857938722,0.82588145533076,0.5477783325012481
327,GLW,Corning Incorporated,52,2,1.66,41.95419883,22.03,7.3,2,512,0.1392757660167131,0.9507173846979484,0.5084373439840238
328,MDB,"MongoDB, Inc.",383,2,2.54,31.75149276,-1107.57,22.24,2,512,0.38440111420612816,0.22033635287956085,0.6576135796305541
329,HWM,Howmet Aerospace Inc.,67,2,2.69,14.01603685,-383.3,7.62,4,514,0.42618384401114207,0.688637583328484,0.51163255117324
330,RMD,ResMed Inc.,188,2,2.88,80.78951392,-133.25,6.28,1,511,0.4791086350974931,0.8503158561739051,0.49825262106839735
331,ICLR,ICON PLC,334,2,3.05,167.8994869,-99.31,6.58,2,512,0.5264623955431755,0.8722609094847374,0.5012481278082875
332,GRMN,Garmin Ltd.,141,2,3.25,66.76447642,-112.6,8.95,2,512,0.5821727019498607,0.8636678111199478,0.5249126310534198
333,AEM,Agnico Eagle Mines Limited,54,2,3.5,0.1,-54410.0,1.4,3,513,0.6518105849582173,0.0,0.44952571143285064
334,TSCO,Tractor Supply Company,250,2,2.59,26.81154541,-834.26,6.26,4,514,0.3983286908077994,0.39705416432280044,0.4980529206190713
335,KEYS,"Keysight Technologies, Inc.",154,2,3.07,87.49924311,-76.38,7.07,3,513,0.532033426183844,0.8870870754369291,0.5061407888167748
336,EIX,Edison International,69,2,1.86,34.635,-100.0,4.11,2,512,0.19498607242339838,0.8718147666802449,0.47658512231652517
337,AVB,"AvalonBay Communities, Inc.",186,2,2.43,93.475,-100.0,4.96,2,512,0.35376044568245135,0.8718147666802449,0.4850723914128806
338,TROW,"T. Rowe Price Group, Inc.",117,2,2.67,35.05084965,-236.51,2.99,3,513,0.42061281337047357,0.7835496156059459,0.46540189715426855
339,SPLK,Splunk Inc.,156,2,1.99,321.2734264,51.3,14.03,4,514,0.23119777158774377,0.9696428917812736,0.5756365451822266
340,ULTA,"Ulta Beauty, Inc.",540,2,3.16,137.1112424,-294.0,4.6,1,513,0.5571030640668524,0.7463775144026535,0.48147778332501245
341,NTR,Nutrien Ltd.,52,2,2.84,34.41965798,-53.69,2.63,2,512,0.467966573816156,0.9017580612832101,0.4618072890664004
342,EBAY,eBay Inc.,50,2,2.07,29.48364683,-70.84,2.39,2,512,0.25348189415041783,0.8906691495483613,0.45941088367448824
343,ZBH,"Zimmer Biomet Holdings, Inc.",126,2,2.0,36.4521706,-247.69,4.71,2,512,0.23398328690807801,0.7763208090056187,0.4825761357963055
344,WEC,"WEC Energy Group, Inc.",81,2,2.19,40.84,-100.0,3.75,2,512,0.28690807799442897,0.8718147666802449,0.47299051422865696
345,WY,Weyerhaeuser Company,54,2,2.38,3.631617916,-859.35,2.3,2,511,0.33983286908078,0.380831377417415,0.45851223165252114
346,CHD,"Church & Dwight Co., Inc.",104,2,2.68,29.34995056,-254.75,3.4,1,514,0.4233983286908079,0.7717559275567539,0.46949575636545177
347,RCI,Rogers Communications Inc.,54,2,2.24,22.095,-100.0,0.8,1,511,0.3008356545961004,0.8718147666802449,0.4435346979530703
348,DTE,DTE Energy Company,112,2,2.09,56.41,-100.0,1.03,3,511,0.2590529247910863,0.8718147666802449,0.44583125312031946
349,AWK,"American Water Works Company, Inc.",118,2,2.6,59.22,-100.0,6.59,3,515,0.40111420612813375,0.8718147666802449,0.5013479780329505
350,LYV,"Live Nation Entertainment, Inc.",99,2,1.97,169.202201,41.05,7.7,1,512,0.22562674094707524,0.9630154080913493,0.5124313529705442
351,HEI,HEICO Corporation,186,2,2.96,26.73295342,-597.45,29.52,3,513,0.5013927576601671,0.5501716679921633,0.7303045431852221
352,HEI.A,HEICO Corporation,150,2,2.96,21.61102128,-594.92,29.52,3,513,0.5013927576601671,0.5518075249419692,0.7303045431852221
353,TW,Tradeweb Markets Inc.,102,2,2.17,58.95540858,-74.5,12.74,1,511,0.28133704735376047,0.8883026529332273,0.562755866200699
354,FCNCA,"First Citizens BancShares, Inc.",1553,2,4.06,1125.041901,,9.66,1,512,0.8077994428969358,0.0,0.5320019970044932
355,BAX,Baxter International Inc.,53,2,2.12,0.1,-43670.0,3.29,3,513,0.2674094707520892,0.0,0.4683974038941587
356,ETR,Entergy Corporation,103,2,2.08,0.1,-103250.0,4.05,2,512,0.25626740947075216,0.0,0.4759860209685471
357,ROL,"Rollins, Inc.",55,2,2.83,11.99448395,-278.92,8.78,2,512,0.4651810584958218,0.7561279977240251,0.5232151772341488
358,FE,FirstEnergy Corp.,58,2,2.09,19.045,-100.0,4.38,4,514,0.2590529247910863,0.8718147666802449,0.47928107838242634
359,BNTX,BioNTech SE,91,2,2.49,0.1,-91170.0,-7.94,2,512,0.37047353760445695,0.0,0.35626560159760357
360,WSO.B,"Watsco, Inc.",390,3,2.87,119.5740972,-226.87,,3,513,0.47632311977715885,0.7897826831933479,0.0
361,NWS,News Corporation,57,3,1.76,46.08738235,40.66,,2,512,0.16713091922005574,0.962763240419245,0.0
362,NWSA,News Corporation,56,3,1.76,44.27466006,40.51,,1,513,0.16713091922005574,0.9626662528530509,0.0
363,CVNA,Carvana Co.,85,3,2.14,17.2422015,-394.72,,1,511,0.2729805013927577,0.6812535966222463,0.0
364,NDSN,Nordson Corporation,264,3,3.02,105.2703883,-151.5,,2,512,0.5181058495821728,0.8385157022869668,0.0
365,WSM,"Williams-Sonoma, Inc.",234,3,2.89,121.688862,-93.03,-1.3,2,512,0.48189415041782735,0.8763214555893934,0.42256615077383924
366,DKS,"DICK'S Sporting Goods, Inc.",181,3,2.88,80.47085506,-125.06,1.77,3,513,0.4791086350974931,0.8556113772880983,0.45322016974538193
367,BEN,"Franklin Resources, Inc.",58,3,2.35,8.613471495,-225.65,6.77,2,512,0.3314763231197772,0.7905715153983925,0.5031452820768847
368,BSY,"Bentley Systems, Incorporated",49,3,2.46,13.85210318,-256.62,11.18,2,512,0.36211699164345407,0.7705468158982017,0.54717923115327
369,LW,"Lamb Weston Holdings, Inc.",101,3,3.05,50.595,-100.0,5.91,2,512,0.5264623955431755,0.8718147666802449,0.49455816275586617
370,ZBRA,Zebra Technologies Corporation,282,3,2.26,141.295,-100.0,8.32,1,511,0.3064066852367688,0.8718147666802449,0.5186220668996505
371,LECO,"Lincoln Electric Holdings, Inc.",254,3,2.79,88.74568405,-186.7,4.89,2,512,0.4540389972144847,0.8157559534201049,0.4843734398402396
372,XPO,"XPO Logistics, Inc.",122,3,2.24,61.215,-100.0,7.46,3,513,0.3008356545961004,0.8718147666802449,0.510034947578632
373,RYAN,"Ryan Specialty Holdings, Inc.",54,3,1.45,194.9014746,72.13,16.57,2,512,0.08077994428969361,0.983111231806749,0.60099850224663
374,DGX,Quest Diagnostics Incorporated,127,3,2.8,49.8881455,-155.05,1.78,3,513,0.4568245125348189,0.8362203298870419,0.4533200199700449
375,BAP,Credicorp Ltd.,175,3,4.18,87.915,-100.0,7.51,1,511,0.841225626740947,0.8718147666802449,0.510534198701947
376,MRO,Marathon Oil Corporation,54,3,2.14,11.4737655,-115.62,4.14,1,511,0.2729805013927577,0.8617151281205748,0.4768846729905142
377,BURL,"Burlington Stores, Inc.",216,3,1.64,92.62472922,-133.47,8.4,2,512,0.13370473537604458,0.8501736077434873,0.5194208686969545
378,ALB,Albemarle Corporation,118,3,3.46,59.165,-100.0,-11.53,2,512,0.6406685236768802,0.8718147666802449,0.3204193709435846
379,AGR,"Avangrid, Inc.",55,3,1.95,17.915,-100.0,3.34,2,512,0.2200557103064067,0.8718147666802449,0.4688966550174737
380,NBIX,"Neurocrine Biosciences, Inc.",139,3,3.75,206.9803848,32.74,16.16,2,514,0.7214484679665738,0.957642296924201,0.5969046430354468
381,DT,"Dynatrace, Inc.",50,3,1.95,47.54367117,1.56,19.0,2,512,0.2200557103064067,0.9374818148313386,0.6252621068397404
382,TAP,Molson Coors Beverage Company,64,3,1.92,47.89616966,-34.79,1.14,3,513,0.21169916434540392,0.9139784946236559,0.44692960559161254
383,TAP.A,Molson Coors Beverage Company,62,3,1.92,47.86239398,-31.08,1.14,3,513,0.21169916434540392,0.9163773204275212,0.44692960559161254
384,CRL,"Charles River Laboratories International, Inc.",266,3,2.96,44.09988164,-505.38,7.37,1,511,0.5013927576601671,0.6097026361220491,0.509136295556665
385,INCY,Incyte Corporation,60,3,3.28,65.0516606,7.73,10.68,3,513,0.5905292479108636,0.9414712367207857,0.5421867199201198
386,CAG,"Conagra Brands, Inc.",50,3,2.53,24.01418173,-17.14,1.34,2,512,0.3816155988857938,0.9253906982458181,0.44892661008487267
387,PNR,Pentair plc,81,3,3.24,22.85078127,-255.44,4.78,3,513,0.5793871866295265,0.7713097847522614,0.48327508736894653
388,Z,"Zillow Group, Inc.",57,3,1.39,14.91949732,-287.95,14.0,1,515,0.06406685236768803,0.7502893462391454,0.5753369945082376
389,BG,Bunge Limited,92,3,2.46,0.1,-92100.0,2.75,1,512,0.36211699164345407,0.0,0.4630054917623564
390,PATH,UiPath Inc.,53,3,1.39,8.883955811,-166.32,18.99,2,516,0.06406685236768803,0.8289333307469983,0.6251622566150773
391,SQM,Sociedad Química y Minera de Chile S.A.,46,3,3.67,0.1,-45930.0,-14.62,2,512,0.6991643454038997,0.0,0.2895656515227159
392,FOXA,Fox Corporation,58,3,2.4,19.91202517,-44.94,7.42,2,512,0.34540389972144847,0.9074156693111942,0.50963554667998
393,FOX,Fox Corporation,56,3,2.4,18.14479693,-45.06,7.42,1,511,0.34540389972144847,0.9073380792582392,0.50963554667998
394,KMX,"CarMax, Inc.",81,3,2.37,40.885,-100.0,2.07,2,512,0.33704735376044576,0.8718147666802449,0.45621567648527206
395,USFD,US Foods Holding Corp.,52,3,2.01,27.59754703,-90.74,5.09,3,513,0.23676880222841223,0.8778021324332888,0.4863704443334997
396,JKHY,"Jack Henry & Associates, Inc.",174,3,2.55,42.45874056,-311.34,6.97,2,512,0.3871866295264624,0.7351657517506256,0.5051422865701447
397,LNT,Alliant Energy Corporation,49,3,2.45,24.67,-100.0,-2.44,1,511,0.35933147632311985,0.8718147666802449,0.4111832251622566
398,AOS,A. O. Smith Corporation,85,3,2.96,41.35943219,-107.5,3.98,3,513,0.5013927576601671,0.8669653883705443,0.47528706939590604
399,CPB,Campbell Soup Company,52,3,2.25,9.782797667,-331.88,2.37,2,512,0.30362116991643456,0.721884921019792,0.4592111832251622
400,TFII,TFI International Inc.,148,3,2.72,113.8493783,-30.58,11.77,2,512,0.43454038997214495,0.9167006123148346,0.5530703944083873
401,TOL,"Toll Brothers, Inc.",120,3,2.97,62.63384795,-92.68,7.14,2,514,0.5041782729805014,0.8765477599105127,0.5068397403894158
402,MEDP,"Medpace Holdings, Inc.",405,3,3.33,159.0007647,-155.12,16.49,2,512,0.6044568245125348,0.8361750690228179,0.600199700449326
403,ACM,AECOM,91,3,1.84,822.9344401,88.85,6.06,3,513,0.18941504178272986,0.9939221125185084,0.49605591612581124
404,TECH,Bio-Techne Corporation,77,3,2.66,15.0802639,-411.2,8.71,3,513,0.41782729805013935,0.6705978960163973,0.5225162256615077
405,NI,NiSource Inc.,50,3,1.79,13.505,-100.0,8.76,2,512,0.17548746518105854,0.8718147666802449,0.5230154767848227
406,AFRM,"Affirm Holdings, Inc.",50,3,1.31,19.38,-100.0,20.27,2,514,0.04178272980501397,0.8718147666802449,0.6379430853719421
407,PFGC,Performance Food Group Company,76,3,2.85,34.5482574,-120.79,5.03,3,513,0.4707520891364903,0.8583722900057547,0.48577134298552166
408,EVRG,"Evergy, Inc.",51,3,2.1,25.78,-100.0,2.54,1,511,0.26183844011142066,0.8718147666802449,0.4609086370444333
409,DVA,DaVita Inc.,135,3,2.08,404.9305802,66.62,3.87,1,511,0.25626740947075216,0.9795485552085557,0.474188716924613
410,REXR,"Rexford Industrial Realty, Inc.",53,3,3.44,26.575,-100.0,16.5,1,511,0.6350974930362118,0.8718147666802449,0.600299550673989
411,HII,"Huntington Ingalls Industries, Inc.",293,3,2.55,155.9177848,-88.12,3.39,4,514,0.3871866295264624,0.8794961819228108,0.46939590614078874
412,GL,Globe Life Inc.,123,3,2.94,198.2207496,37.64,4.59,3,513,0.4958217270194986,0.9608105574198722,0.4813779331003494
413,REG,Regency Centers Corporation,61,3,2.51,1.706985982,-3524.52,3.33,1,511,0.37604456824512533,0.0,0.4687968047928107
414,ALLE,Allegion plc,130,3,2.53,50.72658309,-157.95,3.93,1,511,0.3816155988857938,0.8343452369406241,0.47478781827259103
415,ALLY,Ally Financial Inc.,50,3,2.24,185.7085378,79.84,12.12,5,515,0.3008356545961004,0.9880963927091213,0.5565651522715925
416,FFIV,"F5, Inc.",192,3,2.77,181.4228847,-6.34,4.22,2,512,0.4484679665738162,0.9323738030117873,0.4776834747878182
417,FIVE,"Five Below, Inc.",204,3,3.46,13.228397,-1448.34,15.16,1,511,0.6406685236768802,0.0,0.5869196205691463
418,WYNN,"Wynn Resorts, Limited",100,3,2.02,50.215,-100.0,3.26,3,513,0.23955431754874656,0.8718147666802449,0.46809785322016967
419,RL,Ralph Lauren Corporation,176,3,2.5,121.1871226,-45.25,4.37,2,512,0.3732590529247911,0.90721522834106,0.47918122815776326
420,CASY,"Casey's General Stores, Inc.",302,3,3.0,95.48660174,-216.46,4.44,2,512,0.5125348189415042,0.7965136202872125,0.4798801797304043
421,QRVO,"Qorvo, Inc.",116,3,1.87,561.8795586,79.34,10.05,4,514,0.19777158774373266,0.9877731008218079,0.5358961557663504
422,DINO,HF Sinclair Corporation,56,3,1.92,0.1,-56260.0,-2.59,2,512,0.21169916434540392,0.0,0.4096854717923115
423,TFX,Teleflex Incorporated,224,3,2.35,122.3068571,-83.47,5.5,3,513,0.3314763231197772,0.8825027964748252,0.4904643035446829
424,EMN,Eastman Chemical Company,89,3,2.59,8.734937061,-928.28,5.09,1,513,0.3983286908077994,0.33626235783239256,0.4863704443334997
425,ONON,On Holding AG,53,3,1.51,0.345007762,-9491.09,28.56,3,511,0.09749303621169919,0.0,0.7207189216175736
426,DAY,Dayforce Inc,66,3,2.05,85.59418628,21.82,13.93,3,513,0.24791086350974928,0.9505816021052768,0.5746380429355965
427,ITT,ITT Inc.,127,3,2.78,63.67491079,-99.58,5.97,4,514,0.4512534818941504,0.8720863318655883,0.49515726410384414
428,WING,Wingstop Inc.,353,3,3.16,17.46544604,-1926.8,15.59,2,512,0.5571030640668524,0.0,0.5912131802296554
429,CUBE,CubeSmart,55,3,3.2,5.484676061,-729.77,6.09,5,515,0.5682451253481895,0.4646157029335506,0.4963554667998002
430,FBIN,"Fortune Brands Innovations, Inc.",81,3,2.68,54.07638141,-50.66,5.36,2,512,0.4233983286908079,0.9037172101203291,0.48906640039940086
431,PAYC,"Paycom Software, Inc.",181,3,3.8,0.1,-181120.0,12.4,4,514,0.735376044568245,0.0,0.5593609585621567
432,PAG,"Penske Automotive Group, Inc.",152,3,2.37,76.115,-100.0,5.1,3,513,0.33704735376044576,0.8718147666802449,0.4864702945581627
433,MOS,The Mosaic Company,51,3,2.33,13.83421703,-128.35,-4.46,3,513,0.3259052924791087,0.8534841166695764,0.39101347978032946
434,BBWI,"Bath & Body Works, Inc.",54,3,2.17,8.01640178,-458.36,0.69,1,511,0.28133704735376047,0.6401050052049994,0.44243634548177724
435,BJ,"BJ's Wholesale Club Holdings, Inc.",75,3,2.59,37.74,-100.0,2.93,2,512,0.3983286908077994,0.8718147666802449,0.4648027958062905
436,BXP,"Boston Properties, Inc.",63,3,1.62,31.97,-100.0,2.3,3,513,0.1281337047353761,0.8718147666802449,0.45851223165252114
437,THC,Tenet Healthcare Corporation,98,3,2.4,19.89379401,-396.03,4.34,2,512,0.34540389972144847,0.6804065718774853,0.47888167748377425
438,QGEN,Qiagen N.V.,50,3,2.4,20.01755167,-122.11,6.63,3,513,0.34540389972144847,0.8575187994232474,0.5017473789316026
439,WPP,WPP plc,50,3,1.4,54.35632133,16.81,3.37,2,512,0.06685236768802229,0.9473422173943966,0.46919620569146275
440,THO,"Thor Industries, Inc.",105,3,2.67,113.5227727,7.41,7.19,1,511,0.42061281337047357,0.9412643299129052,0.5073389915127309
441,MSM,"MSC Industrial Direct Co., Inc.",99,3,2.74,108.9406816,9.12,5.31,1,511,0.44011142061281344,0.9423699881675168,0.48856714927608585
442,LPX,Louisiana-Pacific Corporation,76,3,2.15,0.958911631,-7919.51,5.39,1,511,0.2757660167130919,0.0,0.48936595107338987
443,ZWS,Zurn Elkay Water Solutions Corporation,51,3,1.78,24.57663564,-30.08,4.55,2,512,0.17270194986072426,0.917023904202148,0.4809785322016974
444,NXST,"Nexstar Media Group, Inc.",163,3,2.39,216.1605212,24.36,-7.42,1,511,0.34261838440111425,0.9522239248928287,0.3614578132800798
445,CPRI,Capri Holdings Limited,50,3,2.49,23.395,-100.0,1.95,2,512,0.37047353760445695,0.8718147666802449,0.455017473789316
446,SEE,Sealed Air Corporation,50,3,1.88,18.23,-100.0,3.03,1,513,0.20055710306406685,0.8718147666802449,0.4658012980529206
447,HOG,"Harley-Davidson, Inc.",50,3,2.54,4.33940401,-786.53,4.32,1,511,0.38440111420612816,0.4279156078857357,0.47868197703444826
448,MMSI,"Merit Medical Systems, Inc.",75,3,1.86,39.87419973,-88.59,5.5,2,512,0.19498607242339838,0.8791922875487364,0.4904643035446829
449,AAP,"Advance Auto Parts, Inc.",73,3,2.54,0.1,-72980.0,0.82,2,512,0.38440111420612816,0.0,0.44373439840239637
450,VMI,"Valmont Industries, Inc.",215,3,2.51,251.1140728,14.38,5.22,3,513,0.37604456824512533,0.9457710188220537,0.48766849725411876
451,CPA,"Copa Holdings, S.A.",100,3,1.59,115.923463,13.7,8.14,4,514,0.11977715877437331,0.9453313418553075,0.5168247628557163
452,POR,Portland General Electric Company,51,3,1.97,20.765,-100.0,4.34,3,513,0.22562674094707524,0.8718147666802449,0.47888167748377425
453,SAM,"The Boston Beer Company, Inc.",298,3,2.44,646.7000081,53.79,4.21,2,512,0.3565459610027855,0.9712528853800942,0.47758362456315523
454,GPI,"Group 1 Automotive, Inc.",262,3,2.86,0.1,-262150.0,3.48,2,512,0.4735376044568245,0.0,0.4702945581627558
455,SMPL,The Simply Good Foods Company,53,3,3.03,24.93151778,-34.29,5.27,2,512,0.520891364902507,0.9143017865109693,0.4881677483774338
456,SR,Spire Inc.,60,3,1.93,30.35,-100.0,2.34,1,511,0.21448467966573817,0.8718147666802449,0.4589116325511732
457,ALE,"ALLETE, Inc.",57,3,2.17,19.27655157,-199.64,3.98,3,513,0.28133704735376047,0.8073891593764345,0.47528706939590604
